date,gld_holdings,cot_net_long,us_real_yield,m2_money_supply
2015-01-01,,,,11805.2
2015-01-02,811063181.02,,0.41,
2015-01-05,946942944.96,,0.4,
2015-01-06,1316229726.87,,0.41,
2015-01-07,749133907.96,,0.39,
2015-01-08,815487195.17,,0.41,
2015-01-09,933729671.01,,0.36,
2015-01-12,986205771.69,,0.35,
2015-01-13,909028540.17,,0.37,
2015-01-14,911601387.43,,0.29,
2015-01-15,2139730993.19,,0.19,
2015-01-16,1767743015.57,,0.23,
2015-01-19,,,,
2015-01-20,1859100074.32,,0.23,
2015-01-21,1376803858.2,,0.26,
2015-01-22,1317219267.31,,0.29,
2015-01-23,779033928.05,,0.21,
2015-01-26,832470099.54,,0.22,
2015-01-27,1192349134.63,,0.17,
2015-01-28,1045441436.49,,0.12,
2015-01-29,1448878505.63,,0.15,
2015-01-30,1796925810.58,,0.03,
2015-02-01,,,,11922.8
2015-02-02,1087726167.73,,0.03,
2015-02-03,999376720.2,,0.09,
2015-02-04,654914995.86,,0.1,
2015-02-05,837903027.3,,0.13,
2015-02-06,1566866607.94,,0.24,
2015-02-09,624117114.41,,0.25,
2015-02-10,484103965.99,,0.31,
2015-02-11,794249705.93,,0.32,
2015-02-12,509771880.09,,0.33,
2015-02-13,484768035.79,,0.34,
2015-02-16,,,,
2015-02-17,838195467.43,,0.43,
2015-02-18,969810209.47,,0.36,
2015-02-19,756937493.94,,0.37,
2015-02-20,770266367.84,,0.38,
2015-02-23,555495333.47,,0.34,
2015-02-24,877462870.26,,0.27,
2015-02-25,582260234.64,,0.24,
2015-02-26,467228176.77,,0.24,
2015-02-27,958970526.23,,0.17,
2015-03-01,,,,11920.5
2015-03-02,924664946.44,,0.25,
2015-03-03,547131506.78,,0.26,
2015-03-04,548199866.91,,0.25,
2015-03-05,675303000.0,,0.27,
2015-03-06,1251802894.83,,0.41,
2015-03-09,619641986.76,,0.44,
2015-03-10,782146103.15,,0.41,
2015-03-11,725456800.0,,0.39,
2015-03-12,734239688.1,,0.39,
2015-03-13,505346675.48,,0.44,
2015-03-16,361827885.03,,0.45,
2015-03-17,983436884.83,,0.42,
2015-03-18,1398781794.19,,0.23,
2015-03-19,734118338.99,,0.19,
2015-03-20,912353235.55,,0.17,
2015-03-23,484623890.88,,0.17,
2015-03-24,341338400.09,,0.11,
2015-03-25,346645232.14,,0.12,
2015-03-26,634585714.45,,0.21,
2015-03-27,566290789.98,,0.19,
2015-03-30,498668625.0,,0.23,
2015-03-31,498205894.05,,0.18,
2015-04-01,846654388.82,,0.07,11954.6
2015-04-02,447759043.26,,0.11,
2015-04-03,,,0.02,
2015-04-06,690128012.44,,0.07,
2015-04-07,286617536.51,,0.04,
2015-04-08,642994701.8,,0.08,
2015-04-09,539751681.38,,0.13,
2015-04-10,456040432.8,,0.14,
2015-04-13,367308112.05,,0.14,
2015-04-14,417877668.91,,0.1,
2015-04-15,422012081.12,,0.07,
2015-04-16,360308465.18,,0.05,
2015-04-17,404172274.67,,-0.02,
2015-04-20,451170820.8,,0.01,
2015-04-21,382796216.89,,0.06,
2015-04-22,648375690.43,,0.12,
2015-04-23,396666282.67,,0.07,
2015-04-24,808635366.83,,0.04,
2015-04-27,863544921.71,,0.03,
2015-04-28,936968366.75,,0.11,
2015-04-29,828264470.32,,0.14,
2015-04-30,1071190852.52,,0.11,
2015-05-01,859068773.91,,0.18,11982.6
2015-05-04,416248204.43,,0.24,
2015-05-05,441260722.94,,0.25,
2015-05-06,375180854.0,,0.34,
2015-05-07,618717432.01,,0.3,
2015-05-08,1135608489.16,,0.28,
2015-05-11,331132947.44,,0.4,
2015-05-12,372892150.0,,0.4,
2015-05-13,1371583745.91,,0.41,
2015-05-14,811237142.11,,0.36,
2015-05-15,522691163.57,,0.31,
2015-05-18,596989830.95,,0.37,
2015-05-19,585487865.92,,0.42,
2015-05-20,514536216.12,,0.38,
2015-05-21,290925649.14,,0.35,
2015-05-22,205791117.28,,0.34,
2015-05-25,,,,
2015-05-26,657215157.13,,0.32,
2015-05-27,305350477.36,,0.34,
2015-05-28,600429302.32,,0.33,
2015-05-29,388795744.8,,0.32,
2015-06-01,940956000.0,,0.39,12023.2
2015-06-02,456535152.35,,0.44,
2015-06-03,555154125.02,,0.55,
2015-06-04,628135123.61,,0.5,
2015-06-05,624200300.12,,0.55,
2015-06-08,351454796.05,,0.54,
2015-06-09,398243316.92,,0.56,
2015-06-10,620430955.34,,0.63,
2015-06-11,502274131.47,,0.56,
2015-06-12,339520165.07,,0.55,
2015-06-15,574916539.97,,0.51,
2015-06-16,457053554.77,,0.44,
2015-06-17,735015590.15,,0.42,
2015-06-18,927322713.55,,0.46,
2015-06-19,530887404.67,,0.4,
2015-06-22,654986864.48,,0.47,
2015-06-23,510578889.24,,0.5,
2015-06-24,335011534.1,,0.48,
2015-06-25,326604475.09,,0.49,
2015-06-26,494431045.28,,0.57,
2015-06-29,658090012.22,,0.46,
2015-06-30,887385911.69,,0.48,
2015-07-01,493719834.8,,0.54,12067.0
2015-07-02,429001944.2,,0.49,
2015-07-03,,,,
2015-07-06,477353177.6,,0.43,
2015-07-07,1004969803.38,,0.4,
2015-07-08,632646420.14,,0.39,
2015-07-09,423490946.32,,0.47,
2015-07-10,400795393.32,,0.55,
2015-07-13,474959497.86,,0.58,
2015-07-14,288034734.44,,0.56,
2015-07-15,1022967826.01,,0.52,
2015-07-16,508155881.89,,0.52,
2015-07-17,1614354317.67,,0.51,
2015-07-20,1664954641.93,,0.56,
2015-07-21,1108471354.89,,0.53,
2015-07-22,874996185.48,,0.53,
2015-07-23,602954379.58,,0.49,
2015-07-24,1219183927.34,,0.51,
2015-07-27,1120963892.52,,0.5,
2015-07-28,582776965.37,,0.51,
2015-07-29,590729362.72,,0.52,
2015-07-30,693604017.67,,0.51,
2015-07-31,701897758.04,,0.46,
2015-08-01,,,,12112.0
2015-08-03,367327254.62,,0.46,
2015-08-04,338068702.09,,0.52,
2015-08-05,523911131.54,,0.58,
2015-08-06,407966556.61,,0.56,
2015-08-07,460554191.72,,0.52,
2015-08-10,622965679.19,,0.55,
2015-08-11,431511242.68,,0.49,
2015-08-12,1079924375.0,,0.52,
2015-08-13,508835264.91,,0.57,
2015-08-14,374958014.65,,0.58,
2015-08-17,618043667.15,,0.58,
2015-08-18,441486000.52,,0.62,
2015-08-19,763660126.47,,0.55,
2015-08-20,1385911590.64,,0.53,
2015-08-21,1546662849.77,,0.52,
2015-08-24,2032502988.55,,0.52,
2015-08-25,1088783708.53,,0.59,
2015-08-26,1168930102.12,,0.65,
2015-08-27,872839260.2,,0.6,
2015-08-28,821652406.93,,0.58,
2015-08-31,493183120.62,,0.58,
2015-09-01,772895738.4,,0.6,12173.9
2015-09-02,447047345.3,,0.64,
2015-09-03,421988689.67,,0.64,
2015-09-04,432647241.4,,0.62,
2015-09-07,,,,
2015-09-08,643195371.92,,0.67,
2015-09-09,939791738.68,,0.65,
2015-09-10,659981502.96,,0.64,
2015-09-11,427177238.74,,0.61,
2015-09-14,249701978.87,,0.62,
2015-09-15,307639504.43,,0.72,
2015-09-16,570417023.02,,0.73,
2015-09-17,911055988.78,,0.63,
2015-09-18,742005496.78,,0.58,
2015-09-21,445493938.99,,0.66,
2015-09-22,591044912.02,,0.63,
2015-09-23,296977327.35,,0.64,
2015-09-24,1218074883.45,,0.64,
2015-09-25,572055182.28,,0.71,
2015-09-28,413036825.02,,0.71,
2015-09-29,436627941.57,,0.66,
2015-09-30,791362420.52,,0.65,
2015-10-01,456654992.36,,0.59,12225.2
2015-10-02,842558077.49,,0.51,
2015-10-05,597169035.57,,0.56,
2015-10-06,825477058.59,,0.53,
2015-10-07,587498333.66,,0.53,
2015-10-08,549869144.92,,0.54,
2015-10-09,876682372.72,,0.58,
2015-10-12,696566833.72,,,
2015-10-13,576034259.14,,0.54,
2015-10-14,1161749693.08,,0.5,
2015-10-15,1595565043.89,,0.54,
2015-10-16,824326704.35,,0.56,
2015-10-19,443531974.71,,0.59,
2015-10-20,552737752.46,,0.6,
2015-10-21,436730237.12,,0.59,
2015-10-22,383811524.39,,0.57,
2015-10-23,542826600.0,,0.58,
2015-10-26,286765105.79,,0.59,
2015-10-27,295516448.81,,0.57,
2015-10-28,908528925.99,,0.63,
2015-10-29,565145782.29,,0.67,
2015-10-30,605871776.92,,0.63,
2015-11-01,,,,12317.0
2015-11-02,634523925.6,,0.65,
2015-11-03,764404217.99,,0.65,
2015-11-04,807258275.3,,0.68,
2015-11-05,626561400.38,,0.71,
2015-11-06,919400776.52,,0.75,
2015-11-09,431088486.3,,0.76,
2015-11-10,463684345.36,,0.77,
2015-11-11,366270714.46,,,
2015-11-12,654306915.39,,0.78,
2015-11-13,333898144.13,,0.76,
2015-11-16,306068949.3,,0.76,
2015-11-17,879417822.53,,0.72,
2015-11-18,516636435.54,,0.71,
2015-11-19,526871843.58,,0.68,
2015-11-20,615612222.13,,0.66,
2015-11-23,413386058.64,,0.64,
2015-11-24,358190032.5,,0.62,
2015-11-25,300340995.32,,0.62,
2015-11-26,,,,
2015-11-27,505602000.0,,0.62,
2015-11-30,690304147.6,,0.62,
2015-12-01,475182646.33,,0.58,12387.9
2015-12-02,1029404239.96,,0.62,
2015-12-03,661429837.89,,0.72,
2015-12-04,1109914168.18,,0.68,
2015-12-07,451080636.96,,0.67,
2015-12-08,350920919.5,,0.68,
2015-12-09,618539428.32,,0.69,
2015-12-10,395176436.76,,0.73,
2015-12-11,700983028.15,,0.67,
2015-12-14,566339207.09,,0.78,
2015-12-15,693493249.07,,0.8,
2015-12-16,852023550.0,,0.84,
2015-12-17,1020698100.0,,0.77,
2015-12-18,851615643.64,,0.73,
2015-12-21,657983544.73,,0.75,
2015-12-22,423112337.52,,0.78,
2015-12-23,288657427.11,,0.76,
2015-12-24,176236115.22,,0.73,
2015-12-25,,,,
2015-12-28,343238562.73,,0.74,
2015-12-29,289450831.36,,0.79,
2015-12-30,379817893.14,,0.77,
2015-12-31,387942452.5,,0.73,
2016-01-01,,,,12518.5
2016-01-04,662611596.07,,0.69,
2016-01-05,361160955.07,,0.69,
2016-01-06,975168504.94,,0.65,
2016-01-07,1245181977.9,,0.66,
2016-01-08,811432178.34,,0.65,
2016-01-11,656971162.6,,0.72,
2016-01-12,577344236.93,,0.69,
2016-01-13,766990232.94,,0.65,
2016-01-14,1029077048.47,,0.67,
2016-01-15,1046285034.41,,0.67,
2016-01-18,,,,
2016-01-19,477101847.4,,0.68,
2016-01-20,1066439260.8,,0.69,
2016-01-21,572283238.41,,0.74,
2016-01-22,439456500.0,,0.72,
2016-01-25,723401964.49,,0.69,
2016-01-26,905892393.73,,0.65,
2016-01-27,890962466.2,,0.62,
2016-01-28,630098873.41,,0.58,
2016-01-29,866155940.28,,0.53,
2016-02-01,1131478021.96,,0.57,12603.9
2016-02-02,719447015.62,,0.51,
2016-02-03,1724533100.0,,0.5,
2016-02-04,1461038804.97,,0.51,
2016-02-05,1659786331.49,,0.53,
2016-02-08,3226078847.89,,0.52,
2016-02-09,2062238019.25,,0.53,
2016-02-10,1523588493.81,,0.5,
2016-02-11,5850489220.03,,0.45,
2016-02-12,2009894842.36,,0.49,
2016-02-15,,,,
2016-02-16,1675837059.98,,0.53,
2016-02-17,1222055587.52,,0.53,
2016-02-18,1607147097.44,,0.51,
2016-02-19,1786275387.82,,0.5,
2016-02-22,1233179099.19,,0.46,
2016-02-23,1058895159.03,,0.42,
2016-02-24,2109782278.95,,0.39,
2016-02-25,1474035353.11,,0.32,
2016-02-26,1464472268.63,,0.35,
2016-02-29,1366436192.97,,0.32,
2016-03-01,1665185313.54,,0.35,12661.8
2016-03-02,1056608042.72,,0.33,
2016-03-03,2260560655.86,,0.3,
2016-03-04,1960113008.89,,0.37,
2016-03-07,1133700798.29,,0.43,
2016-03-08,1390408001.11,,0.37,
2016-03-09,1037105397.88,,0.39,
2016-03-10,2199745350.0,,0.45,
2016-03-11,1291096782.6,,0.44,
2016-03-14,1678020933.1,,0.45,
2016-03-15,1172734718.9,,0.47,
2016-03-16,2090306996.52,,0.36,
2016-03-17,1191004831.77,,0.34,
2016-03-18,2032514871.78,,0.27,
2016-03-21,861341769.37,,0.28,
2016-03-22,809733091.43,,0.31,
2016-03-23,1865025366.76,,0.3,
2016-03-24,730657108.5,,0.34,
2016-03-25,,,,
2016-03-28,452303054.08,,0.33,
2016-03-29,1718742254.92,,0.2,
2016-03-30,1261061593.57,,0.18,
2016-03-31,1099722242.29,,0.16,
2016-04-01,1216703425.18,,0.17,12743.2
2016-04-04,887815766.66,,0.14,
2016-04-05,1043161826.47,,0.14,
2016-04-06,882826854.43,,0.17,
2016-04-07,1411518312.26,,0.12,
2016-04-08,1075214129.77,,0.14,
2016-04-11,1181815367.98,,0.17,
2016-04-12,1163224504.57,,0.22,
2016-04-13,1050104925.32,,0.21,
2016-04-14,1541846846.04,,0.24,
2016-04-15,924268737.65,,0.2,
2016-04-18,684045839.59,,0.21,
2016-04-19,2514946808.51,,0.19,
2016-04-20,1217443816.49,,0.23,
2016-04-21,1745060549.24,,0.24,
2016-04-22,1184440823.87,,0.25,
2016-04-25,516594176.67,,0.26,
2016-04-26,1175937129.77,,0.27,
2016-04-27,949510663.3,,0.19,
2016-04-28,1835554357.86,,0.12,
2016-04-29,2354778264.06,,0.12,
2016-05-01,,,,12802.0
2016-05-02,1495825474.07,,0.2,
2016-05-03,1114460247.7,,0.17,
2016-05-04,1148554013.4,,0.16,
2016-05-05,1079941080.3,,0.13,
2016-05-06,1400162427.47,,0.18,
2016-05-09,1114347544.09,,0.18,
2016-05-10,1191048133.05,,0.15,
2016-05-11,926903032.85,,0.14,
2016-05-12,902290663.27,,0.15,
2016-05-13,933856480.98,,0.13,
2016-05-16,865145421.68,,0.15,
2016-05-17,1053511966.52,,0.15,
2016-05-18,1607142149.58,,0.26,
2016-05-19,1718899878.39,,0.29,
2016-05-20,1242517964.5,,0.29,
2016-05-23,1029948257.7,,0.3,
2016-05-24,1498155638.98,,0.31,
2016-05-25,1226804389.21,,0.29,
2016-05-26,687064240.79,,0.25,
2016-05-27,1004356277.86,,0.27,
2016-05-30,,,,
2016-05-31,950252836.01,,0.3,
2016-06-01,973849644.51,,0.31,12852.5
2016-06-02,531110363.59,,0.27,
2016-06-03,1736254247.89,,0.19,
2016-06-06,1175869049.89,,0.19,
2016-06-07,546916576.6,,0.15,
2016-06-08,1406167807.35,,0.12,
2016-06-09,1476097500.0,,0.12,
2016-06-10,1697055570.22,,0.12,
2016-06-13,1544552680.31,,0.15,
2016-06-14,1430479169.89,,0.17,
2016-06-15,1861755044.59,,0.13,
2016-06-16,3259591226.84,,0.15,
2016-06-17,1930372462.47,,0.2,
2016-06-20,1462034491.14,,0.24,
2016-06-21,1762523850.59,,0.28,
2016-06-22,950394911.99,,0.25,
2016-06-23,1285765545.53,,0.24,
2016-06-24,4508645400.0,,0.15,
2016-06-27,2689264390.48,,0.12,
2016-06-28,2005307975.12,,0.09,
2016-06-29,1537563411.25,,0.1,
2016-06-30,2021192971.51,,0.09,
2016-07-01,1918535341.71,,0.03,12911.9
2016-07-04,,,,
2016-07-05,2463322137.23,,-0.03,
2016-07-06,2262967566.76,,-0.05,
2016-07-07,2141812880.68,,-0.03,
2016-07-08,2301615859.34,,-0.06,
2016-07-11,1403520451.12,,0.01,
2016-07-12,3364338180.37,,0.07,
2016-07-13,946706518.04,,0.03,
2016-07-14,1544818514.22,,0.08,
2016-07-15,1762073913.13,,0.11,
2016-07-18,1078531495.77,,0.1,
2016-07-19,657764742.27,,0.12,
2016-07-20,1476805795.81,,0.13,
2016-07-21,1196518188.68,,0.05,
2016-07-22,974916588.23,,0.06,
2016-07-25,1648600534.04,,0.08,
2016-07-26,959263200.0,,0.07,
2016-07-27,2185011171.17,,0.03,
2016-07-28,1182361421.92,,0.0,
2016-07-29,1768083577.43,,-0.03,
2016-08-01,918741286.68,,0.05,12989.7
2016-08-02,996930288.7,,0.11,
2016-08-03,649637224.42,,0.09,
2016-08-04,637414923.03,,0.04,
2016-08-05,2066960554.45,,0.09,
2016-08-08,863253088.54,,0.08,
2016-08-09,959751177.13,,0.06,
2016-08-10,796583456.87,,0.06,
2016-08-11,1246544328.12,,0.1,
2016-08-12,1961424943.49,,0.07,
2016-08-15,579217455.41,,0.1,
2016-08-16,1114875517.59,,0.13,
2016-08-17,1546471800.0,,0.09,
2016-08-18,1226622471.8,,0.06,
2016-08-19,1364173010.01,,0.1,
2016-08-22,1102383605.47,,0.08,
2016-08-23,1154758779.31,,0.07,
2016-08-24,1710605648.42,,0.08,
2016-08-25,748076868.89,,0.09,
2016-08-26,2264828639.83,,0.15,
2016-08-29,702531136.98,,0.11,
2016-08-30,1234921297.94,,0.11,
2016-08-31,1662581181.74,,0.11,
2016-09-01,1613447044.79,,0.12,13054.9
2016-09-02,1432595198.55,,0.13,
2016-09-05,,,,
2016-09-06,1945490364.48,,0.06,
2016-09-07,1136446583.85,,0.03,
2016-09-08,1347580023.32,,0.09,
2016-09-09,1582549800.0,,0.17,
2016-09-12,1410250536.2,,0.17,
2016-09-13,1114949800.0,,0.24,
2016-09-14,734455927.78,,0.21,
2016-09-15,1603532483.13,,0.22,
2016-09-16,2375527159.63,,0.19,
2016-09-19,621537070.49,,0.2,
2016-09-20,711495693.85,,0.2,
2016-09-21,1736777282.19,,0.15,
2016-09-22,1937533155.36,,0.08,
2016-09-23,983198606.75,,0.05,
2016-09-26,745236402.83,,0.05,
2016-09-27,787665051.09,,0.04,
2016-09-28,852956902.25,,0.01,
2016-09-29,939019785.73,,0.02,
2016-09-30,1407708245.16,,0.0,
2016-10-01,,,,13122.8
2016-10-03,1133406609.24,,0.0,
2016-10-04,2948365548.75,,0.07,
2016-10-05,1777652100.03,,0.1,
2016-10-06,2144032047.62,,0.11,
2016-10-07,2144220063.75,,0.1,
2016-10-10,542450320.53,,,
2016-10-11,725106633.51,,0.13,
2016-10-12,580571353.64,,0.15,
2016-10-13,862367529.23,,0.12,
2016-10-14,785066532.01,,0.13,
2016-10-17,571819073.46,,0.09,
2016-10-18,592430264.99,,0.09,
2016-10-19,729057981.67,,0.08,
2016-10-20,784411544.12,,0.08,
2016-10-21,810503486.28,,0.07,
2016-10-24,660801402.62,,0.11,
2016-10-25,745959424.5,,0.07,
2016-10-26,471793664.58,,0.08,
2016-10-27,524699369.26,,0.13,
2016-10-28,1415179063.31,,0.13,
2016-10-31,941632892.85,,0.11,
2016-11-01,1642655183.93,,0.11,13208.7
2016-11-02,1940208326.42,,0.11,
2016-11-03,1254572360.8,,0.14,
2016-11-04,1069082288.75,,0.11,
2016-11-07,1223332265.28,,0.12,
2016-11-08,1153220178.21,,0.15,
2016-11-09,2216828895.48,,0.25,
2016-11-10,2666593000.0,,0.27,
2016-11-11,2386708748.9,,,
2016-11-14,2406890646.65,,0.4,
2016-11-15,1094908057.68,,0.41,
2016-11-16,640611878.58,,0.39,
2016-11-17,1201464972.06,,0.42,
2016-11-18,1202661160.94,,0.44,
2016-11-21,769092448.18,,0.42,
2016-11-22,738520131.85,,0.41,
2016-11-23,2376222825.0,,0.44,
2016-11-24,,,,
2016-11-25,602001802.26,,0.47,
2016-11-28,643584537.26,,0.47,
2016-11-29,842570197.03,,0.44,
2016-11-30,1220924625.0,,0.43,
2016-12-01,1141834989.37,,0.48,13234.9
2016-12-02,831686305.47,,0.49,
2016-12-05,1136358375.33,,0.45,
2016-12-06,616620192.69,,0.44,
2016-12-07,548168302.98,,0.42,
2016-12-08,666943144.18,,0.45,
2016-12-09,1160050096.03,,0.51,
2016-12-12,682285492.12,,0.51,
2016-12-13,879358695.7,,0.53,
2016-12-14,1407563711.68,,0.6,
2016-12-15,1548647797.16,,0.7,
2016-12-16,1145632572.36,,0.74,
2016-12-19,579772849.45,,0.68,
2016-12-20,789141375.7,,0.67,
2016-12-21,559601287.08,,0.64,
2016-12-22,531795833.9,,0.6,
2016-12-23,540966747.53,,0.58,
2016-12-26,,,,
2016-12-27,400097871.0,,0.58,
2016-12-28,554228035.11,,0.56,
2016-12-29,834222537.92,,0.55,
2016-12-30,972646262.42,,0.5,
2017-01-01,,,,13315.7
2017-01-02,,,,
2017-01-03,831551887.19,,0.47,
2017-01-04,543668528.99,,0.47,
2017-01-05,1081533561.59,,0.42,
2017-01-06,858921675.0,,0.46,
2017-01-09,639357171.61,,0.43,
2017-01-10,689468219.3,,0.43,
2017-01-11,1125772450.0,,0.39,
2017-01-12,963371073.97,,0.38,
2017-01-13,829335908.35,,0.41,
2017-01-16,,,,
2017-01-17,1059147026.05,,0.36,
2017-01-18,746436764.85,,0.42,
2017-01-19,738774468.39,,0.43,
2017-01-20,1410685612.42,,0.44,
2017-01-23,737941254.83,,0.39,
2017-01-24,668427656.53,,0.41,
2017-01-25,765658197.96,,0.45,
2017-01-26,610528041.52,,0.43,
2017-01-27,761132019.67,,0.41,
2017-01-30,876178575.38,,0.42,
2017-01-31,1204250576.81,,0.4,
2017-02-01,798670058.84,,0.43,13394.8
2017-02-02,832831653.67,,0.43,
2017-02-03,1098067189.03,,0.44,
2017-02-06,1006076033.91,,0.4,
2017-02-07,1012622652.11,,0.4,
2017-02-08,1138571569.52,,0.38,
2017-02-09,959103795.49,,0.41,
2017-02-10,1066878946.16,,0.4,
2017-02-13,859052342.45,,0.43,
2017-02-14,810067656.11,,0.46,
2017-02-15,832532558.37,,0.45,
2017-02-16,753196907.68,,0.43,
2017-02-17,863547610.24,,0.41,
2017-02-20,,,,
2017-02-21,726152475.0,,0.4,
2017-02-22,714204474.18,,0.38,
2017-02-23,894821320.37,,0.35,
2017-02-24,1174137270.07,,0.31,
2017-02-27,1103468145.44,,0.35,
2017-02-28,1040615623.3,,0.34,
2017-03-01,1033393154.81,,0.43,13463.6
2017-03-02,1291769174.12,,0.48,
2017-03-03,1253338180.78,,0.45,
2017-03-06,570002125.96,,0.48,
2017-03-07,792664605.64,,0.49,
2017-03-08,876860735.39,,0.56,
2017-03-09,733855730.83,,0.6,
2017-03-10,909672249.68,,0.57,
2017-03-13,666341063.59,,0.61,
2017-03-14,605041430.56,,0.61,
2017-03-15,1572176625.0,,0.5,
2017-03-16,1088157091.29,,0.51,
2017-03-17,547864160.0,,0.49,
2017-03-20,470063510.55,,0.47,
2017-03-21,1134178874.76,,0.45,
2017-03-22,865961755.34,,0.43,
2017-03-23,735884525.65,,0.46,
2017-03-24,817709260.2,,0.42,
2017-03-27,1018347777.6,,0.41,
2017-03-28,846707718.51,,0.45,
2017-03-29,586029638.99,,0.41,
2017-03-30,816803270.42,,0.46,
2017-03-31,1011589386.4,,0.43,
2017-04-01,,,,13521.7
2017-04-03,728715285.68,,0.39,
2017-04-04,560694838.87,,0.4,
2017-04-05,969639742.26,,0.37,
2017-04-06,552220531.41,,0.39,
2017-04-07,1475462394.69,,0.44,
2017-04-10,552347197.77,,0.44,
2017-04-11,1509457837.41,,0.41,
2017-04-12,1159495018.1,,0.38,
2017-04-13,1212832744.91,,0.32,
2017-04-14,,,,
2017-04-17,1035323885.91,,0.38,
2017-04-18,1339192430.67,,0.33,
2017-04-19,1031381799.44,,0.36,
2017-04-20,1437579097.21,,0.39,
2017-04-21,1909014441.89,,0.4,
2017-04-24,1342791365.11,,0.41,
2017-04-25,1243962200.0,,0.44,
2017-04-26,1179253356.26,,0.42,
2017-04-27,995264124.95,,0.39,
2017-04-28,1103137303.34,,0.37,
2017-05-01,1116736488.91,,0.41,13568.9
2017-05-02,586380727.48,,0.41,
2017-05-03,1275493614.29,,0.46,
2017-05-04,1449001862.36,,0.5,
2017-05-05,833953687.23,,0.5,
2017-05-08,634933200.0,,0.53,
2017-05-09,789290885.76,,0.56,
2017-05-10,497869623.93,,0.56,
2017-05-11,730967600.0,,0.51,
2017-05-12,634912644.95,,0.49,
2017-05-15,587995940.94,,0.52,
2017-05-16,581520427.54,,0.51,
2017-05-17,1669501263.76,,0.44,
2017-05-18,1228626065.75,,0.43,
2017-05-19,810403630.36,,0.41,
2017-05-22,615386757.83,,0.43,
2017-05-23,989505350.93,,0.46,
2017-05-24,840260254.29,,0.45,
2017-05-25,490477361.78,,0.45,
2017-05-26,818659470.22,,0.44,
2017-05-29,,,,
2017-05-30,541531047.25,,0.4,
2017-05-31,1249707662.46,,0.4,
2017-06-01,1050565810.62,,0.4,13580.5
2017-06-02,883873645.44,,0.36,
2017-06-05,484388029.36,,0.39,
2017-06-06,1329295333.52,,0.37,
2017-06-07,1106850012.41,,0.4,
2017-06-08,993856182.47,,0.41,
2017-06-09,850373544.46,,0.43,
2017-06-12,593061867.01,,0.46,
2017-06-13,456209580.71,,0.46,
2017-06-14,2531173529.55,,0.44,
2017-06-15,810982241.93,,0.49,
2017-06-16,768036414.43,,0.49,
2017-06-19,803784412.07,,0.52,
2017-06-20,545684333.41,,0.5,
2017-06-21,559852908.14,,0.5,
2017-06-22,691151137.36,,0.46,
2017-06-23,1105754600.83,,0.45,
2017-06-26,780394828.02,,0.43,
2017-06-27,684262418.94,,0.5,
2017-06-28,501769896.44,,0.49,
2017-06-29,911679261.65,,0.55,
2017-06-30,858312227.59,,0.58,
2017-07-01,,,,13643.1
2017-07-03,1409913005.52,,0.6,
2017-07-04,,,,
2017-07-05,841658891.75,,0.58,
2017-07-06,517522803.42,,0.61,
2017-07-07,1285786994.38,,0.66,
2017-07-10,573989829.07,,0.66,
2017-07-11,767474016.23,,0.62,
2017-07-12,540050026.32,,0.57,
2017-07-13,480525596.73,,0.58,
2017-07-14,675888094.57,,0.57,
2017-07-17,606483136.73,,0.54,
2017-07-18,845502250.37,,0.51,
2017-07-19,378458213.87,,0.51,
2017-07-20,658785972.1,,0.5,
2017-07-21,1208807455.65,,0.48,
2017-07-24,435994524.08,,0.48,
2017-07-25,737660748.64,,0.52,
2017-07-26,1022324628.58,,0.49,
2017-07-27,764883113.85,,0.49,
2017-07-28,892333602.05,,0.47,
2017-07-31,476310450.0,,0.48,
2017-08-01,888599326.24,,0.47,13697.7
2017-08-02,715814129.07,,0.48,
2017-08-03,515594588.34,,0.46,
2017-08-04,1034350333.19,,0.47,
2017-08-07,359737057.43,,0.46,
2017-08-08,866252196.41,,0.46,
2017-08-09,1114377899.57,,0.42,
2017-08-10,1199845550.01,,0.4,
2017-08-11,984714412.34,,0.4,
2017-08-14,735823764.95,,0.45,
2017-08-15,814352696.6,,0.49,
2017-08-16,1007535873.71,,0.45,
2017-08-17,1002433644.52,,0.42,
2017-08-18,1669908701.67,,0.43,
2017-08-21,681281183.86,,0.43,
2017-08-22,793619513.05,,0.45,
2017-08-23,618060518.77,,0.42,
2017-08-24,512810889.84,,0.44,
2017-08-25,1521755041.51,,0.42,
2017-08-28,1443698255.27,,0.41,
2017-08-29,1226967811.94,,0.39,
2017-08-30,786999827.86,,0.39,
2017-08-31,1481593406.41,,0.36,
2017-09-01,1458186415.76,,0.37,13745.1
2017-09-04,,,,
2017-09-05,1505697715.18,,0.3,
2017-09-06,1275619808.44,,0.32,
2017-09-07,1309450210.9,,0.26,
2017-09-08,1154289411.01,,0.25,
2017-09-11,1151685676.28,,0.31,
2017-09-12,1056649419.62,,0.33,
2017-09-13,1066554515.18,,0.35,
2017-09-14,672521131.52,,0.35,
2017-09-15,1051326292.78,,0.35,
2017-09-18,1101804733.41,,0.36,
2017-09-19,726098446.0,,0.37,
2017-09-20,1411171779.35,,0.43,
2017-09-21,951739174.37,,0.44,
2017-09-22,740906543.16,,0.42,
2017-09-25,1277329103.48,,0.38,
2017-09-26,1068067098.71,,0.4,
2017-09-27,842137745.18,,0.44,
2017-09-28,729373716.54,,0.44,
2017-09-29,1241088658.69,,0.49,
2017-10-01,,,,13800.1
2017-10-02,1419699618.54,,0.51,
2017-10-03,450538827.83,,0.49,
2017-10-04,784599972.14,,0.48,
2017-10-05,747874787.17,,0.49,
2017-10-06,1212510460.33,,0.5,
2017-10-09,642641337.64,,,
2017-10-10,1140217214.21,,0.47,
2017-10-11,693689831.17,,0.46,
2017-10-12,373290662.15,,0.44,
2017-10-13,844489543.92,,0.43,
2017-10-16,1008599950.01,,0.46,
2017-10-17,859953949.66,,0.48,
2017-10-18,446090881.29,,0.5,
2017-10-19,681381843.6,,0.49,
2017-10-20,1031386576.18,,0.52,
2017-10-23,617489475.47,,0.52,
2017-10-24,620493762.36,,0.55,
2017-10-25,519669233.47,,0.56,
2017-10-26,774780815.79,,0.57,
2017-10-27,805701790.17,,0.54,
2017-10-30,620088681.94,,0.5,
2017-10-31,471880027.84,,0.5,
2017-11-01,562895060.84,,0.49,13843.5
2017-11-02,650729718.11,,0.48,
2017-11-03,763596989.39,,0.48,
2017-11-06,845929780.61,,0.46,
2017-11-07,504948735.19,,0.44,
2017-11-08,676895260.71,,0.45,
2017-11-09,741622195.32,,0.46,
2017-11-10,861985286.45,,0.52,
2017-11-13,758102567.74,,0.52,
2017-11-14,752334824.89,,0.51,
2017-11-15,605204586.25,,0.48,
2017-11-16,339495104.27,,0.53,
2017-11-17,1304036046.48,,0.49,
2017-11-20,1013751256.6,,0.52,
2017-11-21,602264325.59,,0.52,
2017-11-22,639123019.69,,0.48,
2017-11-23,,,,
2017-11-24,217692903.46,,0.5,
2017-11-27,609384205.08,,0.49,
2017-11-28,688116697.32,,0.5,
2017-11-29,749191361.62,,0.53,
2017-11-30,961085917.89,,0.56,
2017-12-01,1590409311.1,,0.51,13881.7
2017-12-04,841437568.12,,0.5,
2017-12-05,1208157180.94,,0.5,
2017-12-06,797625007.97,,0.47,
2017-12-07,1528544670.44,,0.5,
2017-12-08,619804441.56,,0.5,
2017-12-11,533664831.66,,0.51,
2017-12-12,947574827.24,,0.51,
2017-12-13,1202032020.53,,0.48,
2017-12-14,831748850.13,,0.48,
2017-12-15,897663762.3,,0.47,
2017-12-18,652791924.3,,0.5,
2017-12-19,481544596.77,,0.55,
2017-12-20,688954840.5,,0.57,
2017-12-21,580339335.22,,0.55,
2017-12-22,700399836.14,,0.54,
2017-12-25,,,,
2017-12-26,1001485160.39,,0.53,
2017-12-27,761822941.92,,0.48,
2017-12-28,704262186.25,,0.47,
2017-12-29,970912176.98,,0.44,
2018-01-01,,,,13900.3
2018-01-02,1472076892.95,,0.46,
2018-01-03,986614723.59,,0.46,
2018-01-04,919584155.29,,0.45,
2018-01-05,719381677.51,,0.46,
2018-01-08,446943168.29,,0.47,
2018-01-09,1141728558.73,,0.52,
2018-01-10,1851606760.92,,0.52,
2018-01-11,751975182.64,,0.54,
2018-01-12,1175471847.52,,0.54,
2018-01-15,,,,
2018-01-16,1028029548.2,,0.51,
2018-01-17,1277861263.82,,0.53,
2018-01-18,791571301.84,,0.57,
2018-01-19,1109183779.93,,0.58,
2018-01-22,619761782.47,,0.6,
2018-01-23,787914104.44,,0.57,
2018-01-24,1523749729.66,,0.58,
2018-01-25,1947665027.58,,0.56,
2018-01-26,1002621666.34,,0.57,
2018-01-29,885897529.39,,0.61,
2018-01-30,1234537509.71,,0.63,
2018-01-31,1712922605.48,,0.61,
2018-02-01,1390148701.5,,0.67,13949.3
2018-02-02,2121986977.75,,0.7,
2018-02-05,1722787160.55,,0.67,
2018-02-06,2215778001.46,,0.69,
2018-02-07,1068015222.84,,0.74,
2018-02-08,917803152.65,,0.76,
2018-02-09,1764335091.53,,0.78,
2018-02-12,875696932.18,,0.79,
2018-02-13,670909513.74,,0.78,
2018-02-14,2105074901.86,,0.82,
2018-02-15,934157105.53,,0.79,
2018-02-16,1018164916.72,,0.78,
2018-02-19,,,,
2018-02-20,1407411864.18,,0.78,
2018-02-21,993819836.96,,0.82,
2018-02-22,675237706.32,,0.81,
2018-02-23,534795755.41,,0.76,
2018-02-26,403919225.25,,0.73,
2018-02-27,886208179.55,,0.77,
2018-02-28,566862500.0,,0.75,
2018-03-01,1610147687.76,,0.71,14012.7
2018-03-02,1253185270.9,,0.74,
2018-03-05,723327595.76,,0.75,
2018-03-06,1097875493.41,,0.76,
2018-03-07,648551770.3,,0.76,
2018-03-08,435821951.64,,0.75,
2018-03-09,636086076.64,,0.78,
2018-03-12,362095024.64,,0.77,
2018-03-13,603530168.14,,0.75,
2018-03-14,474768888.47,,0.74,
2018-03-15,765649499.35,,0.74,
2018-03-16,922314108.71,,0.77,
2018-03-19,541361409.91,,0.77,
2018-03-20,422579405.7,,0.81,
2018-03-21,1585047402.07,,0.8,
2018-03-22,667530243.79,,0.75,
2018-03-23,1534625106.34,,0.75,
2018-03-26,791461936.47,,0.77,
2018-03-27,787977429.8,,0.71,
2018-03-28,1289348611.43,,0.72,
2018-03-29,893360586.5,,0.69,
2018-03-30,,,,
2018-04-01,,,,14035.9
2018-04-02,1453449210.4,,0.68,
2018-04-03,768371328.57,,0.71,
2018-04-04,946895512.15,,0.71,
2018-04-05,670891416.28,,0.75,
2018-04-06,773658464.26,,0.7,
2018-04-09,531363116.72,,0.71,
2018-04-10,669769870.47,,0.72,
2018-04-11,1581979153.54,,0.68,
2018-04-12,1030851428.36,,0.7,
2018-04-13,869374664.18,,0.69,
2018-04-16,587097987.37,,0.71,
2018-04-17,534518775.0,,0.68,
2018-04-18,863703449.69,,0.71,
2018-04-19,1114726346.67,,0.75,
2018-04-20,1317344524.43,,0.79,
2018-04-23,869478849.01,,0.8,
2018-04-24,597459228.89,,0.83,
2018-04-25,750666658.92,,0.86,
2018-04-26,939411996.18,,0.82,
2018-04-27,709577000.0,,0.79,
2018-04-30,1224794418.0,,0.78,
2018-05-01,934208429.09,,0.81,14092.4
2018-05-02,941471111.62,,0.8,
2018-05-03,603677666.07,,0.78,
2018-05-04,732743549.39,,0.79,
2018-05-07,423226573.96,,0.78,
2018-05-08,691611528.67,,0.81,
2018-05-09,547748256.07,,0.82,
2018-05-10,653239313.59,,0.8,
2018-05-11,537400000.0,,0.82,
2018-05-14,467235859.98,,0.85,
2018-05-15,1336489548.63,,0.9,
2018-05-16,604516161.53,,0.92,
2018-05-17,952119872.75,,0.95,
2018-05-18,836929436.04,,0.91,
2018-05-21,505438229.85,,0.9,
2018-05-22,560588852.77,,0.91,
2018-05-23,858674548.42,,0.87,
2018-05-24,1093783826.59,,0.86,
2018-05-25,975909439.75,,0.84,
2018-05-28,,,,
2018-05-29,1110336130.0,,0.73,
2018-05-30,564257381.56,,0.78,
2018-05-31,967873738.0,,0.76,
2018-06-01,987159141.78,,0.8,14137.2
2018-06-04,531746609.93,,0.82,
2018-06-05,843266959.53,,0.79,
2018-06-06,501968396.52,,0.83,
2018-06-07,454668004.26,,0.8,
2018-06-08,475519765.26,,0.82,
2018-06-11,394483886.75,,0.83,
2018-06-12,894080469.78,,0.83,
2018-06-13,722841977.33,,0.86,
2018-06-14,988940029.99,,0.82,
2018-06-15,1763919526.76,,0.81,
2018-06-18,465789062.35,,0.8,
2018-06-19,595036655.03,,0.77,
2018-06-20,547002619.72,,0.81,
2018-06-21,682112112.34,,0.79,
2018-06-22,540254379.56,,0.78,
2018-06-25,1115000972.32,,0.77,
2018-06-26,1034520888.53,,0.76,
2018-06-27,768410269.87,,0.72,
2018-06-28,917446319.47,,0.74,
2018-06-29,949532232.21,,0.74,
2018-07-01,,,,14174.6
2018-07-02,1412092362.99,,0.73,
2018-07-03,1056103663.58,,0.71,
2018-07-04,,,,
2018-07-05,589523710.11,,0.71,
2018-07-06,350268535.8,,0.7,
2018-07-09,485524341.22,,0.73,
2018-07-10,446558365.15,,0.74,
2018-07-11,820480175.74,,0.74,
2018-07-12,541661476.41,,0.75,
2018-07-13,640304126.32,,0.72,
2018-07-16,431490796.2,,0.75,
2018-07-17,923216678.31,,0.77,
2018-07-18,627120244.84,,0.79,
2018-07-19,1647698321.26,,0.75,
2018-07-20,919891500.73,,0.78,
2018-07-23,724663600.0,,0.85,
2018-07-24,557108044.4,,0.84,
2018-07-25,639359729.67,,0.81,
2018-07-26,738925157.57,,0.87,
2018-07-27,607180869.6,,0.84,
2018-07-30,480803316.34,,0.85,
2018-07-31,638930903.23,,0.84,
2018-08-01,914407333.15,,0.87,14223.2
2018-08-02,710504963.17,,0.86,
2018-08-03,684141733.1,,0.83,
2018-08-06,664440238.64,,0.83,
2018-08-07,594492901.0,,0.85,
2018-08-08,437577293.95,,0.85,
2018-08-09,487989210.91,,0.82,
2018-08-10,775063567.5,,0.78,
2018-08-13,1033685655.62,,0.78,
2018-08-14,801202710.84,,0.8,
2018-08-15,1378578126.27,,0.78,
2018-08-16,831539048.58,,0.79,
2018-08-17,949853206.73,,0.79,
2018-08-20,598767058.97,,0.75,
2018-08-21,569892031.07,,0.77,
2018-08-22,704040991.13,,0.74,
2018-08-23,617111203.22,,0.73,
2018-08-24,1051950185.75,,0.73,
2018-08-27,500070744.02,,0.74,
2018-08-28,693607153.86,,0.77,
2018-08-29,641381442.86,,0.77,
2018-08-30,617247020.68,,0.76,
2018-08-31,573077947.79,,0.78,
2018-09-01,,,,14245.5
2018-09-03,,,,
2018-09-04,747314277.02,,0.8,
2018-09-05,505316542.64,,0.81,
2018-09-06,543254842.38,,0.8,
2018-09-07,420536232.47,,0.84,
2018-09-10,262111978.53,,0.84,
2018-09-11,429250990.63,,0.86,
2018-09-12,721086291.44,,0.85,
2018-09-13,641139996.04,,0.87,
2018-09-14,607550293.95,,0.89,
2018-09-17,537068555.89,,0.89,
2018-09-18,537456043.57,,0.92,
2018-09-19,480938004.4,,0.93,
2018-09-20,500982519.28,,0.92,
2018-09-21,775295571.41,,0.92,
2018-09-24,503273496.41,,0.92,
2018-09-25,341495524.58,,0.94,
2018-09-26,938009790.32,,0.92,
2018-09-27,860924993.45,,0.91,
2018-09-28,678882868.86,,0.91,
2018-10-01,438189980.81,,0.95,14256.6
2018-10-02,1227142858.6,,0.93,
2018-10-03,757021777.78,,0.99,
2018-10-04,750806398.21,,1.03,
2018-10-05,909762744.4,,1.07,
2018-10-08,1363039475.09,,,
2018-10-09,940468967.26,,1.04,
2018-10-10,1193288314.97,,1.06,
2018-10-11,3104165969.27,,1.02,
2018-10-12,1490995582.44,,1.03,
2018-10-15,1372094400.0,,1.03,
2018-10-16,1103782469.09,,1.03,
2018-10-17,819631100.48,,1.06,
2018-10-18,923198457.42,,1.07,
2018-10-19,864726954.92,,1.09,
2018-10-22,601749850.24,,1.09,
2018-10-23,1478641830.25,,1.08,
2018-10-24,998994609.36,,1.03,
2018-10-25,966527412.67,,1.09,
2018-10-26,1837154034.19,,1.02,
2018-10-29,1015677053.68,,1.02,
2018-10-30,837616162.07,,1.07,
2018-10-31,1313780912.41,,1.1,
2018-11-01,1593503989.47,,1.12,14282.8
2018-11-02,1026158398.42,,1.16,
2018-11-05,732141872.28,,1.14,
2018-11-06,843703638.66,,1.15,
2018-11-07,973735352.76,,1.15,
2018-11-08,884420254.68,,1.17,
2018-11-09,1620945263.53,,1.15,
2018-11-12,852290903.46,,,
2018-11-13,1058433271.59,,1.12,
2018-11-14,1599250919.49,,1.12,
2018-11-15,1022669532.09,,1.11,
2018-11-16,991672763.56,,1.06,
2018-11-19,984155045.42,,1.07,
2018-11-20,1049716800.38,,1.09,
2018-11-21,1023530417.39,,1.09,
2018-11-22,,,,
2018-11-23,431428469.49,,1.09,
2018-11-26,464710901.55,,1.11,
2018-11-27,1111692915.49,,1.15,
2018-11-28,1590951706.13,,1.12,
2018-11-29,749914168.16,,1.05,
2018-11-30,943915591.48,,1.04,
2018-12-01,,,,14386.8
2018-12-03,985934526.02,,1.02,
2018-12-04,841636051.74,,0.97,
2018-12-05,,,,
2018-12-06,1085606658.34,,0.97,
2018-12-07,1228478422.9,,0.96,
2018-12-10,955314474.48,,0.99,
2018-12-11,751715321.86,,1.06,
2018-12-12,487273675.79,,1.08,
2018-12-13,485610448.96,,1.08,
2018-12-14,878148983.69,,1.07,
2018-12-17,996579086.22,,1.05,
2018-12-18,891193646.51,,1.01,
2018-12-19,1623763329.22,,0.97,
2018-12-20,2219664484.23,,1.03,
2018-12-21,1618129872.64,,1.02,
2018-12-24,1168562695.32,,0.99,
2018-12-25,,,,
2018-12-26,1710360262.34,,1.04,
2018-12-27,1431696404.38,,1.03,
2018-12-28,831040565.24,,0.99,
2018-12-31,1024489750.0,,0.98,
2019-01-01,,,,14459.7
2019-01-02,1550136369.39,,0.96,
2019-01-03,1890417148.71,,0.88,
2019-01-04,1619280992.55,,0.91,
2019-01-07,910732900.56,,0.92,
2019-01-08,928865933.67,,0.91,
2019-01-09,1291092103.23,,0.91,
2019-01-10,811248455.57,,0.93,
2019-01-11,1050208346.31,,0.88,
2019-01-14,790789115.28,,0.9,
2019-01-15,915623479.37,,0.91,
2019-01-16,840985263.91,,0.91,
2019-01-17,1045078440.22,,0.96,
2019-01-18,1318633883.42,,0.96,
2019-01-21,,,,
2019-01-22,959029900.9,,0.95,
2019-01-23,633675865.62,,0.96,
2019-01-24,685672104.26,,0.95,
2019-01-25,1364151444.78,,0.97,
2019-01-28,1050702045.8,,0.97,
2019-01-29,1439432634.97,,0.94,
2019-01-30,1509247789.55,,0.86,
2019-01-31,1273635125.0,,0.78,
2019-02-01,1554444750.0,,0.82,14506.3
2019-02-04,852708437.7,,0.86,
2019-02-05,781857900.32,,0.84,
2019-02-06,814099160.1,,0.84,
2019-02-07,734458757.32,,0.81,
2019-02-08,526054188.12,,0.81,
2019-02-11,595974472.64,,0.83,
2019-02-12,529117536.61,,0.85,
2019-02-13,942608505.99,,0.85,
2019-02-14,778662574.68,,0.81,
2019-02-15,1521324517.2,,0.8,
2019-02-18,,,,
2019-02-19,1978293752.35,,0.78,
2019-02-20,1124369285.84,,0.76,
2019-02-21,1079756756.35,,0.78,
2019-02-22,682644700.0,,0.74,
2019-02-25,612131575.41,,0.75,
2019-02-26,647138865.44,,0.72,
2019-02-27,989489983.37,,0.76,
2019-02-28,968572666.31,,0.78,
2019-03-01,2000257950.92,,0.8,14557.5
2019-03-04,1248737230.92,,0.78,
2019-03-05,866658580.69,,0.79,
2019-03-06,586208846.94,,0.78,
2019-03-07,739850101.01,,0.74,
2019-03-08,1280938629.81,,0.72,
2019-03-11,820071473.67,,0.73,
2019-03-12,773531923.11,,0.71,
2019-03-13,913604804.98,,0.69,
2019-03-14,829719486.82,,0.69,
2019-03-15,1157393651.49,,0.65,
2019-03-18,957644935.13,,0.64,
2019-03-19,809212387.99,,0.66,
2019-03-20,1403842485.45,,0.58,
2019-03-21,957258466.36,,0.58,
2019-03-22,728199787.17,,0.54,
2019-03-25,910454422.65,,0.55,
2019-03-26,628473245.43,,0.55,
2019-03-27,815471760.06,,0.55,
2019-03-28,1447964788.12,,0.56,
2019-03-29,865526754.15,,0.53,
2019-04-01,1647946783.45,,0.59,14594.7
2019-04-02,545860515.02,,0.58,
2019-04-03,749337978.78,,0.61,
2019-04-04,916850728.58,,0.61,
2019-04-05,623866727.17,,0.6,
2019-04-08,523215717.12,,0.61,
2019-04-09,572450467.09,,0.6,
2019-04-10,783773136.25,,0.54,
2019-04-11,1426144239.31,,0.57,
2019-04-12,642385233.65,,0.61,
2019-04-15,517091833.51,,0.61,
2019-04-16,1216885899.57,,0.64,
2019-04-17,564582286.27,,0.65,
2019-04-18,492361459.23,,0.62,
2019-04-19,,,,
2019-04-22,270940839.18,,0.64,
2019-04-23,669644991.31,,0.62,
2019-04-24,502721315.09,,0.57,
2019-04-25,583185031.52,,0.56,
2019-04-26,730975115.54,,0.54,
2019-04-29,540025527.18,,0.58,
2019-04-30,576742305.48,,0.56,
2019-05-01,1484748738.82,,0.59,14704.4
2019-05-02,810746440.5,,0.66,
2019-05-03,1015197372.84,,0.63,
2019-05-06,420370467.5,,0.6,
2019-05-07,486136943.33,,0.58,
2019-05-08,505258723.3,,0.62,
2019-05-09,607878584.69,,0.6,
2019-05-10,556877981.4,,0.59,
2019-05-13,1365427482.62,,0.55,
2019-05-14,680387754.91,,0.56,
2019-05-15,1260494603.71,,0.54,
2019-05-16,771515607.56,,0.56,
2019-05-17,794999055.05,,0.58,
2019-05-20,524277309.35,,0.6,
2019-05-21,462856418.35,,0.6,
2019-05-22,449914024.01,,0.6,
2019-05-23,733635870.91,,0.58,
2019-05-24,281986117.09,,0.56,
2019-05-27,,,,
2019-05-28,519991912.88,,0.53,
2019-05-29,499579895.35,,0.5,
2019-05-30,943949348.94,,0.48,
2019-05-31,1895212138.14,,0.4,
2019-06-01,,,,14802.8
2019-06-03,1773259104.65,,0.34,
2019-06-04,1000837077.2,,0.38,
2019-06-05,958327322.32,,0.37,
2019-06-06,698860568.75,,0.39,
2019-06-07,1031189451.17,,0.35,
2019-06-10,678035309.91,,0.42,
2019-06-11,595581405.45,,0.43,
2019-06-12,724302656.54,,0.42,
2019-06-13,680449671.8,,0.42,
2019-06-14,1167655193.48,,0.46,
2019-06-17,602462199.99,,0.48,
2019-06-18,1310556380.32,,0.42,
2019-06-19,1491274126.88,,0.36,
2019-06-20,2443405304.37,,0.27,
2019-06-21,1988674575.62,,0.34,
2019-06-24,2391070135.58,,0.31,
2019-06-25,3324429164.4,,0.33,
2019-06-26,1597820722.67,,0.35,
2019-06-27,1117556321.19,,0.33,
2019-06-28,1075856375.35,,0.31,
2019-07-01,1739557908.97,,0.34,14886.8
2019-07-02,1771965009.64,,0.33,
2019-07-03,848750976.01,,0.31,
2019-07-04,,,,
2019-07-05,1524446316.96,,0.35,
2019-07-08,1054114227.1,,0.35,
2019-07-09,873950450.0,,0.36,
2019-07-10,1862993923.49,,0.33,
2019-07-11,999907747.0,,0.36,
2019-07-12,842507527.3,,0.35,
2019-07-15,537671893.08,,0.32,
2019-07-16,1054698351.38,,0.33,
2019-07-17,1519179434.67,,0.31,
2019-07-18,2517810257.18,,0.25,
2019-07-19,2431110046.07,,0.25,
2019-07-22,1017840256.9,,0.26,
2019-07-23,1334413390.37,,0.27,
2019-07-24,902321391.21,,0.26,
2019-07-25,1562108022.56,,0.28,
2019-07-26,835236632.19,,0.3,
2019-07-29,1232617660.82,,0.29,
2019-07-30,1276735285.59,,0.28,
2019-07-31,2503975138.2,,0.26,
2019-08-01,3781258019.51,,0.2,14974.4
2019-08-02,1868922339.61,,0.2,
2019-08-05,2414053124.37,,0.15,
2019-08-06,1315644426.68,,0.11,
2019-08-07,3761158635.95,,0.09,
2019-08-08,1857881821.99,,0.07,
2019-08-09,1339978181.89,,0.08,
2019-08-12,2177104394.53,,0.04,
2019-08-13,4231112147.57,,0.05,
2019-08-14,2951056475.0,,0.02,
2019-08-15,1935322818.9,,-0.02,
2019-08-16,1674638049.68,,0.01,
2019-08-19,1489091503.44,,0.04,
2019-08-20,1063517535.21,,0.02,
2019-08-21,1150339827.42,,0.05,
2019-08-22,968095058.21,,0.07,
2019-08-23,2924084736.86,,-0.02,
2019-08-26,1758512431.77,,0.0,
2019-08-27,1869715731.07,,-0.06,
2019-08-28,1662430425.94,,-0.08,
2019-08-29,2127571427.92,,-0.09,
2019-08-30,1386066250.0,,-0.05,
2019-09-01,,,,15047.0
2019-09-02,,,,
2019-09-03,2275915400.0,,-0.03,
2019-09-04,1655190135.33,,-0.04,
2019-09-05,2904768635.61,,0.01,
2019-09-06,2011744358.04,,0.01,
2019-09-09,1601072075.09,,0.06,
2019-09-10,1770361163.5,,0.12,
2019-09-11,1051096580.9,,0.15,
2019-09-12,1791047376.82,,0.16,
2019-09-13,1885255672.9,,0.23,
2019-09-16,1143928931.29,,0.17,
2019-09-17,992644362.79,,0.15,
2019-09-18,2114350773.88,,0.21,
2019-09-19,1138349462.16,,0.18,
2019-09-20,1731124463.04,,0.13,
2019-09-23,1294684375.0,,0.11,
2019-09-24,1528381054.9,,0.06,
2019-09-25,1652092593.33,,0.13,
2019-09-26,1132136380.39,,0.13,
2019-09-27,1382980428.06,,0.16,
2019-09-30,2146805141.52,,0.15,
2019-10-01,1742051866.92,,0.13,15184.1
2019-10-02,1683013952.55,,0.1,
2019-10-03,1759006514.34,,0.06,
2019-10-04,1369476841.09,,0.02,
2019-10-07,862035782.96,,0.05,
2019-10-08,1480069468.9,,0.06,
2019-10-09,984079806.14,,0.1,
2019-10-10,1309772354.29,,0.15,
2019-10-11,1587015988.17,,0.2,
2019-10-14,563301938.33,,,
2019-10-15,1274401968.57,,0.21,
2019-10-16,1450477460.83,,0.18,
2019-10-17,862079913.74,,0.17,
2019-10-18,901205449.08,,0.16,
2019-10-21,1161123642.23,,0.19,
2019-10-22,543933928.16,,0.17,
2019-10-23,583944303.93,,0.16,
2019-10-24,873919436.46,,0.15,
2019-10-25,852791393.67,,0.15,
2019-10-28,765362876.68,,0.21,
2019-10-29,537914850.0,,0.23,
2019-10-30,986138787.88,,0.21,
2019-10-31,1004259635.36,,0.15,
2019-11-01,1153310380.25,,0.14,15296.0
2019-11-04,673833616.07,,0.15,
2019-11-05,1647754726.91,,0.18,
2019-11-06,901197405.42,,0.15,
2019-11-07,2103667499.0,,0.23,
2019-11-08,1425750979.67,,0.23,
2019-11-11,964532320.82,,,
2019-11-12,886231050.77,,0.22,
2019-11-13,1210912442.5,,0.22,
2019-11-14,723352467.25,,0.2,
2019-11-15,1396847074.86,,0.21,
2019-11-18,792615270.08,,0.18,
2019-11-19,669096047.78,,0.16,
2019-11-20,956347758.14,,0.13,
2019-11-21,579213600.0,,0.14,
2019-11-22,498660141.89,,0.15,
2019-11-25,879477875.75,,0.14,
2019-11-26,650738881.95,,0.12,
2019-11-27,563248087.42,,0.14,
2019-11-28,,,,
2019-11-29,622630906.76,,0.17,
2019-12-01,,,,15347.5
2019-12-02,1140170857.44,,0.18,
2019-12-03,1179889292.18,,0.09,
2019-12-04,878293904.42,,0.11,
2019-12-05,788338500.0,,0.13,
2019-12-06,1199289447.45,,0.15,
2019-12-09,373061932.97,,0.14,
2019-12-10,447133179.96,,0.14,
2019-12-11,847064688.84,,0.1,
2019-12-12,1220274228.44,,0.18,
2019-12-13,968385936.25,,0.12,
2019-12-16,645993712.81,,0.16,
2019-12-17,596005351.45,,0.14,
2019-12-18,501528567.41,,0.16,
2019-12-19,693415524.29,,0.15,
2019-12-20,622803347.07,,0.15,
2019-12-23,725066939.19,,0.18,
2019-12-24,749253721.66,,0.15,
2019-12-25,,,,
2019-12-26,1187805190.73,,0.16,
2019-12-27,728715376.37,,0.15,
2019-12-30,686135901.49,,0.15,
2019-12-31,759299117.57,,0.15,
2020-01-01,,,,15427.1
2020-01-02,1113280486.4,,0.08,
2020-01-03,1790110615.49,,0.03,
2020-01-06,2122902378.21,,0.06,
2020-01-07,1180578654.74,,0.09,
2020-01-08,3267414723.58,,0.12,
2020-01-09,1502984556.44,,0.11,
2020-01-10,908388625.64,,0.07,
2020-01-13,1107327971.62,,0.08,
2020-01-14,960053409.09,,0.05,
2020-01-15,953975356.29,,0.04,
2020-01-16,887970006.18,,0.07,
2020-01-17,1630130858.36,,0.09,
2020-01-20,,,,
2020-01-21,893074347.43,,0.04,
2020-01-22,701391945.92,,0.05,
2020-01-23,1238720934.89,,0.04,
2020-01-24,1467946759.62,,0.02,
2020-01-27,1488127073.87,,-0.02,
2020-01-28,1113814173.62,,0.0,
2020-01-29,744244859.66,,-0.04,
2020-01-30,1353972176.13,,-0.07,
2020-01-31,2208336866.08,,-0.14,
2020-02-01,,,,15493.4
2020-02-03,1350862313.56,,-0.09,
2020-02-04,1541263530.91,,-0.03,
2020-02-05,903220230.76,,0.0,
2020-02-06,710438490.58,,-0.02,
2020-02-07,942796704.17,,-0.07,
2020-02-10,858437701.39,,-0.1,
2020-02-11,764790222.97,,-0.06,
2020-02-12,743690090.16,,-0.04,
2020-02-13,1050842032.58,,-0.06,
2020-02-14,796464600.0,,-0.07,
2020-02-17,,,,
2020-02-18,1739222701.21,,-0.1,
2020-02-19,1407062879.76,,-0.09,
2020-02-20,1288977123.97,,-0.11,
2020-02-21,2528494100.12,,-0.15,
2020-02-24,4241121290.5,,-0.21,
2020-02-25,4306427035.73,,-0.2,
2020-02-26,2757987646.87,,-0.21,
2020-02-27,4293289000.0,,-0.23,
2020-02-28,6335766856.49,,-0.28,
2020-03-01,,,,16033.0
2020-03-02,2431273630.27,,-0.31,
2020-03-03,4414750135.49,,-0.43,
2020-03-04,1898557525.1,,-0.44,
2020-03-05,2830646613.73,,-0.48,
2020-03-06,4249659252.32,,-0.57,
2020-03-09,3924529486.29,,-0.45,
2020-03-10,2906000439.63,,-0.24,
2020-03-11,2795353273.99,,-0.14,
2020-03-12,4861315365.16,,-0.04,
2020-03-13,5040189173.06,,0.04,
2020-03-16,3469613425.05,,0.0,
2020-03-17,3515827408.21,,0.39,
2020-03-18,3088843313.0,,0.55,
2020-03-19,2875221216.16,,0.62,
2020-03-20,2810046172.24,,0.17,
2020-03-23,4136661846.29,,-0.04,
2020-03-24,3182052773.39,,-0.13,
2020-03-25,2489974410.22,,-0.19,
2020-03-26,1958131438.19,,-0.24,
2020-03-27,1495795350.0,,-0.22,
2020-03-30,1847411205.88,,-0.25,
2020-03-31,1971952015.65,,-0.17,
2020-04-01,1767604893.91,,-0.29,17065.3
2020-04-02,1395702713.92,,-0.4,
2020-04-03,1292808063.31,,-0.46,
2020-04-06,2312301455.97,,-0.47,
2020-04-07,1434850154.26,,-0.42,
2020-04-08,1175463673.61,,-0.42,
2020-04-09,2875938914.25,,-0.5,
2020-04-10,,,,
2020-04-13,3316846447.25,,-0.5,
2020-04-14,2781030742.79,,-0.53,
2020-04-15,1965166589.11,,-0.56,
2020-04-16,1493100833.99,,-0.42,
2020-04-17,2323478746.32,,-0.36,
2020-04-20,1706985357.38,,-0.31,
2020-04-21,1979151448.62,,-0.38,
2020-04-22,2086656577.88,,-0.43,
2020-04-23,2438421135.33,,-0.44,
2020-04-24,1821454145.16,,-0.51,
2020-04-27,1459452237.95,,-0.5,
2020-04-28,1670001681.98,,-0.52,
2020-04-29,1978329826.74,,-0.51,
2020-04-30,2164999841.61,,-0.43,
2020-05-01,1743886840.68,,-0.42,17932.9
2020-05-04,1280507278.75,,-0.43,
2020-05-05,1700870407.13,,-0.44,
2020-05-06,2122300359.25,,-0.38,
2020-05-07,2209703454.64,,-0.45,
2020-05-08,1963685155.59,,-0.43,
2020-05-11,1787066295.47,,-0.4,
2020-05-12,1665376170.14,,-0.4,
2020-05-13,1769365652.05,,-0.43,
2020-05-14,2784927950.15,,-0.43,
2020-05-15,2281708782.06,,-0.45,
2020-05-18,2299427956.51,,-0.44,
2020-05-19,1402090461.11,,-0.45,
2020-05-20,1756173299.9,,-0.48,
2020-05-21,1913089750.0,,-0.46,
2020-05-22,1393960346.34,,-0.46,
2020-05-25,,,,
2020-05-26,2247955071.47,,-0.44,
2020-05-27,2105574834.32,,-0.46,
2020-05-28,1578144631.91,,-0.48,
2020-05-29,2049701084.08,,-0.5,
2020-06-01,1332225161.81,,-0.52,18184.3
2020-06-02,1689235203.41,,-0.5,
2020-06-03,2713279903.76,,-0.44,
2020-06-04,1627960307.68,,-0.4,
2020-06-05,2531509723.99,,-0.36,
2020-06-08,1476515579.28,,-0.4,
2020-06-09,1458693406.31,,-0.42,
2020-06-10,2127931296.28,,-0.52,
2020-06-11,1895724613.87,,-0.55,
2020-06-12,1121329914.33,,-0.5,
2020-06-15,1385080740.62,,-0.52,
2020-06-16,1292159000.0,,-0.52,
2020-06-17,773492980.38,,-0.52,
2020-06-18,875706653.65,,-0.57,
2020-06-19,1999099207.12,,-0.6,
2020-06-22,2044738658.64,,-0.63,
2020-06-23,2020617652.14,,-0.66,
2020-06-24,1808542193.46,,-0.64,
2020-06-25,1176152061.65,,-0.65,
2020-06-26,1624347824.52,,-0.68,
2020-06-29,1122369723.89,,-0.7,
2020-06-30,2136026088.68,,-0.68,
2020-07-01,2201849911.47,,-0.68,18335.4
2020-07-02,1461659392.6,,-0.73,
2020-07-03,,,,
2020-07-06,1220492254.96,,-0.76,
2020-07-07,1966459145.9,,-0.78,
2020-07-08,1983708600.29,,-0.75,
2020-07-09,2260726927.08,,-0.77,
2020-07-10,1390403440.06,,-0.76,
2020-07-13,1879645392.28,,-0.78,
2020-07-14,1670023436.96,,-0.78,
2020-07-15,1283307464.41,,-0.77,
2020-07-16,1728200108.24,,-0.79,
2020-07-17,1751555469.73,,-0.82,
2020-07-20,1725724794.65,,-0.84,
2020-07-21,2218915300.0,,-0.87,
2020-07-22,3286476466.37,,-0.88,
2020-07-23,4076344655.49,,-0.9,
2020-07-24,2787952262.39,,-0.92,
2020-07-27,3847895697.78,,-0.9,
2020-07-28,3888995250.0,,-0.92,
2020-07-29,4746751838.2,,-0.95,
2020-07-30,3318926012.79,,-0.97,
2020-07-31,2944016364.72,,-1.0,
2020-08-01,,,,18411.2
2020-08-03,2394199072.13,,-1.02,
2020-08-04,3938390911.93,,-1.05,
2020-08-05,5181394600.27,,-1.06,
2020-08-06,4001908976.4,,-1.08,
2020-08-07,4688239802.01,,-1.04,
2020-08-10,3621824963.75,,-1.02,
2020-08-11,8161178810.73,,-0.99,
2020-08-12,5133095724.93,,-0.98,
2020-08-13,3409351378.05,,-0.96,
2020-08-14,2152511600.83,,-0.94,
2020-08-17,2929877700.0,,-0.97,
2020-08-18,3065753168.68,,-1.01,
2020-08-19,4491651191.39,,-0.99,
2020-08-20,3063018700.0,,-0.97,
2020-08-21,2314274795.48,,-1.0,
2020-08-24,2100649800.0,,-1.02,
2020-08-25,1822366454.28,,-1.01,
2020-08-26,2331569095.76,,-1.03,
2020-08-27,2954067097.53,,-0.99,
2020-08-28,2434095503.94,,-1.03,
2020-08-31,1894729314.77,,-1.08,
2020-09-01,1973021637.54,,-1.08,18602.5
2020-09-02,2106868621.67,,-1.07,
2020-09-03,2200506826.59,,-1.02,
2020-09-04,2101193348.94,,-0.98,
2020-09-07,,,,
2020-09-08,2398321579.18,,-0.99,
2020-09-09,1542031530.71,,-1.0,
2020-09-10,1668341317.39,,-1.01,
2020-09-11,1397986611.62,,-0.98,
2020-09-14,1785479949.07,,-0.97,
2020-09-15,1466444240.61,,-0.99,
2020-09-16,2336860543.51,,-0.99,
2020-09-17,1616671211.33,,-0.97,
2020-09-18,1824617009.61,,-0.97,
2020-09-21,3130128746.5,,-0.94,
2020-09-22,1425251786.31,,-0.94,
2020-09-23,3169641738.25,,-0.92,
2020-09-24,2063034076.71,,-0.91,
2020-09-25,1185953264.55,,-0.92,
2020-09-28,1256283968.3,,-0.94,
2020-09-29,1553549536.29,,-0.98,
2020-09-30,1482813175.12,,-0.94,
2020-10-01,1858980328.25,,-0.95,18757.6
2020-10-02,1336996739.72,,-0.94,
2020-10-05,1250415961.52,,-0.9,
2020-10-06,1530595466.35,,-0.9,
2020-10-07,1136139705.83,,-0.9,
2020-10-08,1161502819.86,,-0.94,
2020-10-09,2893622213.26,,-0.94,
2020-10-12,874452068.18,,,
2020-10-13,1490057806.23,,-0.96,
2020-10-14,1618085520.78,,-0.96,
2020-10-15,1219411355.52,,-0.95,
2020-10-16,1294582832.16,,-0.95,
2020-10-19,1085396112.29,,-0.93,
2020-10-20,1276510950.0,,-0.91,
2020-10-21,1363186906.07,,-0.91,
2020-10-22,1498058925.34,,-0.89,
2020-10-23,1057423748.39,,-0.9,
2020-10-26,911515620.58,,-0.91,
2020-10-27,1043131662.9,,-0.92,
2020-10-28,2066727090.3,,-0.91,
2020-10-29,1486427248.28,,-0.86,
2020-10-30,1286788577.71,,-0.82,
2020-11-01,,,,18997.0
2020-11-02,1156130367.8,,-0.84,
2020-11-03,1355712610.13,,-0.82,
2020-11-04,1987995667.43,,-0.86,
2020-11-05,2945685086.06,,-0.87,
2020-11-06,1901200802.34,,-0.82,
2020-11-09,5217506610.57,,-0.77,
2020-11-10,2060228352.95,,-0.78,
2020-11-11,1575586595.02,,,
2020-11-12,1261263732.12,,-0.83,
2020-11-13,1146189791.69,,-0.83,
2020-11-16,1480708223.98,,-0.81,
2020-11-17,1452436150.0,,-0.83,
2020-11-18,1295941043.57,,-0.82,
2020-11-19,1220006941.51,,-0.84,
2020-11-20,1120796801.57,,-0.86,
2020-11-23,2671390571.73,,-0.85,
2020-11-24,3307683288.57,,-0.86,
2020-11-25,1743681509.49,,-0.87,
2020-11-26,,,,
2020-11-27,1773389218.04,,-0.91,
2020-11-30,2201710675.81,,-0.93,
2020-12-01,2303096894.88,,-0.89,19115.7
2020-12-02,1577380623.77,,-0.9,
2020-12-03,1807125987.47,,-0.94,
2020-12-04,1740190825.96,,-0.92,
2020-12-07,1845981432.56,,-0.94,
2020-12-08,1114144200.0,,-0.97,
2020-12-09,1853202000.0,,-0.96,
2020-12-10,1130123867.98,,-0.96,
2020-12-11,1049567185.42,,-0.97,
2020-12-14,1311320324.68,,-0.98,
2020-12-15,1189836586.7,,-0.99,
2020-12-16,1429754980.11,,-1.0,
2020-12-17,1674752944.05,,-1.0,
2020-12-18,1198009972.58,,-1.0,
2020-12-21,1436746171.89,,-1.0,
2020-12-22,1647604427.87,,-1.01,
2020-12-23,1149242780.07,,-1.01,
2020-12-24,651683812.55,,-1.03,
2020-12-25,,,,
2020-12-28,1366795429.23,,-1.03,
2020-12-29,1055225531.52,,-1.02,
2020-12-30,1050917781.95,,-1.03,
2020-12-31,1344977092.6,,-1.06,
2021-01-01,,,,19379.0
2021-01-04,2613044188.24,,-1.08,
2021-01-05,2325886893.9,,-1.07,
2021-01-06,3319784537.37,,-1.02,
2021-01-07,1276138665.62,,-1.01,
2021-01-08,4229478576.64,,-0.93,
2021-01-11,1482852200.0,,-0.91,
2021-01-12,1706114772.16,,-0.93,
2021-01-13,2446302642.1,,-0.96,
2021-01-14,2343213439.49,,-0.94,
2021-01-15,2767600003.97,,-0.99,
2021-01-18,,,,
2021-01-19,1291882119.71,,-1.0,
2021-01-20,1658487834.23,,-1.02,
2021-01-21,1270219095.15,,-0.98,
2021-01-22,1264183395.63,,-0.99,
2021-01-25,1033300058.12,,-1.03,
2021-01-26,813513849.12,,-1.03,
2021-01-27,1558977018.61,,-1.04,
2021-01-28,1621879563.21,,-1.06,
2021-01-29,1942345814.87,,-1.02,
2021-02-01,1586451226.1,,-1.02,19641.8
2021-02-02,1242926791.41,,-1.03,
2021-02-03,800494513.43,,-1.04,
2021-02-04,2309809206.16,,-1.02,
2021-02-05,1110302669.04,,-1.02,
2021-02-08,1181344029.43,,-1.03,
2021-02-09,883080153.4,,-1.04,
2021-02-10,1055741729.04,,-1.06,
2021-02-11,1026318385.25,,-1.04,
2021-02-12,1027366055.69,,-1.01,
2021-02-15,,,,
2021-02-16,2483407545.09,,-0.94,
2021-02-17,1896278451.88,,-0.92,
2021-02-18,1247100678.92,,-0.87,
2021-02-19,1381757189.55,,-0.8,
2021-02-22,1707304664.67,,-0.79,
2021-02-23,1457273173.93,,-0.79,
2021-02-24,1502511400.0,,-0.79,
2021-02-25,2712715827.82,,-0.6,
2021-02-26,3839815966.06,,-0.71,
2021-03-01,2233685282.12,,-0.71,19873.2
2021-03-02,1855469327.84,,-0.78,
2021-03-03,2097681074.23,,-0.74,
2021-03-04,2205900610.88,,-0.66,
2021-03-05,2040429416.17,,-0.66,
2021-03-08,1911125467.66,,-0.62,
2021-03-09,1669937345.98,,-0.66,
2021-03-10,1287136949.16,,-0.73,
2021-03-11,1090130812.84,,-0.74,
2021-03-12,1390186712.29,,-0.62,
2021-03-15,1314549875.27,,-0.65,
2021-03-16,1225320436.07,,-0.68,
2021-03-17,2064591647.64,,-0.67,
2021-03-18,1416076394.73,,-0.56,
2021-03-19,1121279273.73,,-0.57,
2021-03-22,854120000.0,,-0.64,
2021-03-23,978675408.23,,-0.66,
2021-03-24,1004047338.81,,-0.69,
2021-03-25,1358725497.75,,-0.69,
2021-03-26,998408769.8,,-0.67,
2021-03-29,1348094862.47,,-0.63,
2021-03-30,1316213785.18,,-0.62,
2021-03-31,1699383119.33,,-0.63,
2021-04-01,1150900265.64,,-0.66,20176.9
2021-04-02,,,-0.64,
2021-04-05,998042484.71,,-0.62,
2021-04-06,1103563072.25,,-0.65,
2021-04-07,884763330.14,,-0.66,
2021-04-08,1081570958.89,,-0.69,
2021-04-09,1087035361.45,,-0.64,
2021-04-12,794636470.02,,-0.64,
2021-04-13,1143339885.76,,-0.69,
2021-04-14,1027137463.71,,-0.69,
2021-04-15,1364236760.36,,-0.77,
2021-04-16,1673081821.39,,-0.77,
2021-04-19,949172809.51,,-0.73,
2021-04-20,1087447332.09,,-0.74,
2021-04-21,1408963066.92,,-0.76,
2021-04-22,1282883852.44,,-0.76,
2021-04-23,1182504916.63,,-0.76,
2021-04-26,798596326.47,,-0.78,
2021-04-27,892593660.18,,-0.76,
2021-04-28,1157053527.39,,-0.78,
2021-04-29,1507216483.07,,-0.77,
2021-04-30,1035159664.88,,-0.76,
2021-05-01,,,,20460.4
2021-05-03,1512756784.99,,-0.79,
2021-05-04,1710343510.8,,-0.81,
2021-05-05,995256525.42,,-0.88,
2021-05-06,2308411412.86,,-0.87,
2021-05-07,2530712219.99,,-0.89,
2021-05-10,1424485631.05,,-0.91,
2021-05-11,1437059142.9,,-0.89,
2021-05-12,2158717416.23,,-0.85,
2021-05-13,1382439518.44,,-0.85,
2021-05-14,1672813515.65,,-0.88,
2021-05-17,2088852923.51,,-0.9,
2021-05-18,1276741711.03,,-0.88,
2021-05-19,3633011151.96,,-0.8,
2021-05-20,1724900753.81,,-0.78,
2021-05-21,1351494236.46,,-0.8,
2021-05-24,980029888.92,,-0.83,
2021-05-25,1599218827.57,,-0.86,
2021-05-26,1509122850.81,,-0.82,
2021-05-27,1420436083.66,,-0.81,
2021-05-28,1777913508.67,,-0.84,
2021-05-31,,,,
2021-06-01,1626593014.19,,-0.84,20477.8
2021-06-02,1182223915.25,,-0.85,
2021-06-03,1779674096.38,,-0.79,
2021-06-04,1483768178.67,,-0.84,
2021-06-07,1371217579.36,,-0.82,
2021-06-08,1047216499.26,,-0.83,
2021-06-09,1123132750.89,,-0.82,
2021-06-10,1759021738.36,,-0.9,
2021-06-11,1377256849.05,,-0.85,
2021-06-14,1351137307.92,,-0.85,
2021-06-15,1314112333.04,,-0.87,
2021-06-16,2895129877.33,,-0.75,
2021-06-17,4516460536.21,,-0.75,
2021-06-18,2596707283.69,,-0.79,
2021-06-21,1397538424.45,,-0.75,
2021-06-22,1200973375.0,,-0.83,
2021-06-23,1407920196.83,,-0.84,
2021-06-24,1146240489.65,,-0.81,
2021-06-25,1245043655.63,,-0.8,
2021-06-28,1084252573.92,,-0.84,
2021-06-29,1228214275.64,,-0.83,
2021-06-30,1317719192.85,,-0.87,
2021-07-01,1234949077.32,,-0.87,20633.3
2021-07-02,1317174491.14,,-0.89,
2021-07-05,,,,
2021-07-06,1333544613.27,,-0.94,
2021-07-07,1199697924.95,,-0.95,
2021-07-08,1221751150.78,,-0.92,
2021-07-09,845610087.55,,-0.91,
2021-07-12,1236302600.0,,-0.95,
2021-07-13,1191359574.59,,-0.94,
2021-07-14,1510334452.71,,-0.97,
2021-07-15,1115393554.75,,-1.01,
2021-07-16,1602669457.64,,-1.02,
2021-07-19,1137642118.09,,-1.05,
2021-07-20,1107827535.01,,-1.03,
2021-07-21,780109950.61,,-0.98,
2021-07-22,810549806.45,,-1.01,
2021-07-23,982957625.76,,-1.05,
2021-07-26,879443187.15,,-1.11,
2021-07-27,1061205703.38,,-1.13,
2021-07-28,1338372828.92,,-1.15,
2021-07-29,1389831917.13,,-1.15,
2021-07-30,1255258548.14,,-1.16,
2021-08-01,,,,20840.9
2021-08-02,1828938558.58,,-1.17,
2021-08-03,915635856.68,,-1.19,
2021-08-04,1660766727.04,,-1.16,
2021-08-05,1353412904.89,,-1.1,
2021-08-06,2230476855.73,,-1.06,
2021-08-09,1867380854.1,,-1.04,
2021-08-10,1111489345.36,,-1.04,
2021-08-11,1210713600.0,,-1.07,
2021-08-12,854927233.01,,-1.05,
2021-08-13,1242417486.44,,-1.08,
2021-08-16,1300386339.49,,-1.1,
2021-08-17,1186655798.68,,-1.07,
2021-08-18,1286319136.98,,-1.05,
2021-08-19,1155323727.23,,-1.04,
2021-08-20,1192571778.17,,-1.01,
2021-08-23,1381983030.01,,-1.02,
2021-08-24,762163052.42,,-1.01,
2021-08-25,936012200.12,,-1.0,
2021-08-26,733036464.99,,-0.99,
2021-08-27,1708094940.5,,-1.08,
2021-08-30,638212433.0,,-1.08,
2021-08-31,1075155855.47,,-1.03,
2021-09-01,808603515.46,,-1.03,20981.0
2021-09-02,778516150.0,,-1.03,
2021-09-03,1428915477.61,,-1.01,
2021-09-06,,,,
2021-09-07,1677871533.17,,-0.98,
2021-09-08,1100098995.85,,-1.03,
2021-09-09,1115954433.89,,-1.08,
2021-09-10,1241528779.61,,-1.05,
2021-09-13,918259112.07,,-1.04,
2021-09-14,1337544036.03,,-1.05,
2021-09-15,944026977.3,,-1.04,
2021-09-16,1932338997.62,,-1.01,
2021-09-17,1370705804.76,,-0.96,
2021-09-20,1248035022.47,,-0.98,
2021-09-21,1192416211.78,,-0.96,
2021-09-22,1617443658.1,,-0.96,
2021-09-23,1381970122.57,,-0.9,
2021-09-24,1132893771.17,,-0.87,
2021-09-27,808872516.98,,-0.87,
2021-09-28,1504277768.33,,-0.84,
2021-09-29,1348748185.24,,-0.82,
2021-09-30,1736281650.91,,-0.85,
2021-10-01,1095297048.63,,-0.9,21160.6
2021-10-04,1265285116.67,,-0.89,
2021-10-05,924551386.43,,-0.91,
2021-10-06,1001270008.59,,-0.9,
2021-10-07,786572657.55,,-0.88,
2021-10-08,1401883666.53,,-0.89,
2021-10-11,626190785.01,,,
2021-10-12,897890999.97,,-0.9,
2021-10-13,1862561701.3,,-0.96,
2021-10-14,853675200.0,,-1.0,
2021-10-15,1438238751.93,,-0.97,
2021-10-18,664561624.62,,-0.95,
2021-10-19,1090067304.89,,-0.89,
2021-10-20,838171769.35,,-0.92,
2021-10-21,735767700.0,,-0.96,
2021-10-22,1795793348.73,,-0.98,
2021-10-25,824597973.25,,-1.02,
2021-10-26,1116564303.23,,-1.06,
2021-10-27,978979543.57,,-1.11,
2021-10-28,1176677668.82,,-1.0,
2021-10-29,1255191089.03,,-0.96,
2021-11-01,833512533.26,,-0.92,21335.5
2021-11-02,628638625.77,,-0.95,
2021-11-03,1501080542.69,,-0.93,
2021-11-04,1115895124.37,,-1.03,
2021-11-05,1591213941.69,,-1.09,
2021-11-08,846471729.84,,-1.11,
2021-11-09,990261709.19,,-1.17,
2021-11-10,1984610600.04,,-1.14,
2021-11-11,1037685522.9,,,
2021-11-12,1377247835.91,,-1.15,
2021-11-15,980772702.76,,-1.13,
2021-11-16,1498749500.13,,-1.1,
2021-11-17,1138280950.0,,-1.1,
2021-11-18,1087472895.26,,-1.14,
2021-11-19,1516482421.36,,-1.11,
2021-11-22,2209127277.92,,-0.98,
2021-11-23,1346235974.18,,-0.95,
2021-11-24,895679613.83,,-0.97,
2021-11-25,,,,
2021-11-26,1602627678.63,,-1.07,
2021-11-29,1232138201.89,,-1.02,
2021-11-30,2139137150.0,,-1.07,
2021-12-01,1297477004.6,,-1.01,21498.5
2021-12-02,1586981536.76,,-1.03,
2021-12-03,1584301423.43,,-1.08,
2021-12-06,800116597.88,,-1.01,
2021-12-07,817485755.04,,-0.99,
2021-12-08,715817383.82,,-1.0,
2021-12-09,815101167.99,,-0.98,
2021-12-10,1074540959.81,,-0.96,
2021-12-13,1103986900.0,,-0.98,
2021-12-14,1429054197.09,,-0.93,
2021-12-15,2364513793.14,,-0.92,
2021-12-16,1881071432.97,,-0.98,
2021-12-17,1653987850.08,,-0.97,
2021-12-20,1165118544.46,,-0.96,
2021-12-21,759690489.43,,-0.96,
2021-12-22,787804193.89,,-1.01,
2021-12-23,768999372.56,,-0.97,
2021-12-24,,,,
2021-12-27,806251987.76,,-1.02,
2021-12-28,765946013.23,,-1.01,
2021-12-29,992944501.43,,-0.98,
2021-12-30,921385756.56,,-1.06,
2021-12-31,1203438775.26,,-1.04,
2022-01-01,,,,21650.1
2022-01-03,1517393968.51,,-0.97,
2022-01-04,1181156843.02,,-0.91,
2022-01-05,1473459314.72,,-0.82,
2022-01-06,1820641932.89,,-0.73,
2022-01-07,1374191225.0,,-0.72,
2022-01-10,1182278851.4,,-0.7,
2022-01-11,1425156953.81,,-0.79,
2022-01-12,1072366752.5,,-0.74,
2022-01-13,1196939497.76,,-0.73,
2022-01-14,1334607238.6,,-0.66,
2022-01-17,,,,
2022-01-18,1579189086.31,,-0.59,
2022-01-19,2716196788.9,,-0.57,
2022-01-20,1642776266.59,,-0.5,
2022-01-21,1878995884.78,,-0.59,
2022-01-24,2705636211.8,,-0.63,
2022-01-25,2999802849.83,,-0.63,
2022-01-26,3022160006.5,,-0.53,
2022-01-27,2659359576.85,,-0.59,
2022-01-28,1634655809.71,,-0.66,
2022-01-31,1435370905.73,,-0.65,
2022-02-01,1642580855.28,,-0.62,21725.2
2022-02-02,1533962018.73,,-0.63,
2022-02-03,1795724945.01,,-0.56,
2022-02-04,1624365661.87,,-0.48,
2022-02-07,1326330663.76,,-0.48,
2022-02-08,989995288.33,,-0.46,
2022-02-09,1370159441.73,,-0.48,
2022-02-10,1823883333.89,,-0.42,
2022-02-11,4474130052.15,,-0.51,
2022-02-14,2385323392.99,,-0.5,
2022-02-15,2181431111.08,,-0.43,
2022-02-16,2233329413.8,,-0.43,
2022-02-17,3299065625.0,,-0.46,
2022-02-18,2260175121.69,,-0.49,
2022-02-21,,,,
2022-02-22,2655339227.18,,-0.51,
2022-02-23,2098865458.96,,-0.54,
2022-02-24,5797083620.03,,-0.59,
2022-02-25,2035780430.19,,-0.57,
2022-02-28,2864033682.4,,-0.79,
2022-03-01,3985124094.86,,-0.9,21787.2
2022-03-02,3545569571.72,,-0.85,
2022-03-03,2741723566.28,,-0.83,
2022-03-04,4112613404.01,,-0.93,
2022-03-07,5210495140.36,,-0.99,
2022-03-08,9067557766.91,,-1.04,
2022-03-09,4987353250.58,,-0.9,
2022-03-10,3440049167.36,,-0.88,
2022-03-11,2743903668.71,,-0.94,
2022-03-14,2403880760.24,,-0.79,
2022-03-15,3034385836.65,,-0.69,
2022-03-16,3158833384.61,,-0.61,
2022-03-17,1981487142.31,,-0.71,
2022-03-18,2509572492.71,,-0.72,
2022-03-21,1911886054.62,,-0.58,
2022-03-22,1725766053.87,,-0.53,
2022-03-23,2283042682.34,,-0.62,
2022-03-24,2008954466.56,,-0.58,
2022-03-25,1442826456.63,,-0.47,
2022-03-28,1699225658.83,,-0.49,
2022-03-29,1873607339.62,,-0.45,
2022-03-30,1509883569.31,,-0.51,
2022-03-31,1778390799.91,,-0.52,
2022-04-01,2339674800.0,,-0.41,21769.4
2022-04-04,1273971312.51,,-0.38,
2022-04-05,1940900399.48,,-0.3,
2022-04-06,1606537718.75,,-0.22,
2022-04-07,1828755766.86,,-0.16,
2022-04-08,1933689892.01,,-0.15,
2022-04-11,1836702931.82,,-0.12,
2022-04-12,2209760793.37,,-0.14,
2022-04-13,1597517887.19,,-0.1,
2022-04-14,2128827410.34,,-0.06,
2022-04-15,,,,
2022-04-18,1640573692.42,,-0.07,
2022-04-19,2288313884.18,,0.0,
2022-04-20,1286022653.26,,-0.07,
2022-04-21,1755021964.47,,-0.12,
2022-04-22,1649112568.59,,-0.08,
2022-04-25,2314698624.9,,-0.1,
2022-04-26,1603398434.23,,-0.08,
2022-04-27,1558250068.17,,-0.06,
2022-04-28,1129007976.26,,-0.12,
2022-04-29,1365692155.27,,0.01,
2022-05-01,,,,21719.9
2022-05-02,2486138587.92,,0.18,
2022-05-03,1255937460.58,,0.14,
2022-05-04,1844440892.02,,0.07,
2022-05-05,2240648308.47,,0.18,
2022-05-06,1340787672.0,,0.26,
2022-05-09,1857146164.45,,0.3,
2022-05-10,1887402747.84,,0.34,
2022-05-11,1586418539.23,,0.21,
2022-05-12,1978532534.71,,0.25,
2022-05-13,2199519281.51,,0.24,
2022-05-16,1247208675.33,,0.2,
2022-05-17,1090671474.79,,0.27,
2022-05-18,1266058704.32,,0.17,
2022-05-19,1818859411.75,,0.25,
2022-05-20,1131630534.97,,0.23,
2022-05-23,953762365.1,,0.26,
2022-05-24,1183039253.17,,0.21,
2022-05-25,795458380.42,,0.19,
2022-05-26,1117238884.48,,0.13,
2022-05-27,665109538.49,,0.11,
2022-05-30,,,,
2022-05-31,1068598156.19,,0.21,
2022-06-01,1196395665.32,,0.29,21651.5
2022-06-02,980387519.32,,0.26,
2022-06-03,952538062.11,,0.22,
2022-06-06,647074147.58,,0.28,
2022-06-07,667548409.42,,0.25,
2022-06-08,888227417.72,,0.28,
2022-06-09,809670432.91,,0.29,
2022-06-10,2942063580.83,,0.39,
2022-06-13,2254155338.84,,0.69,
2022-06-14,1238635556.82,,0.89,
2022-06-15,1536981269.45,,0.63,
2022-06-16,1523747505.54,,0.66,
2022-06-17,1268631175.65,,0.67,
2022-06-20,,,,
2022-06-21,956978382.39,,0.7,
2022-06-22,1123570880.99,,0.62,
2022-06-23,1112700142.1,,0.59,
2022-06-24,1044879856.5,,0.57,
2022-06-27,971776995.09,,0.65,
2022-06-28,505925559.44,,0.72,
2022-06-29,811111370.29,,0.74,
2022-06-30,1540465685.39,,0.65,
2022-07-01,1915532179.35,,0.54,21652.9
2022-07-04,,,,
2022-07-05,2312332150.0,,0.52,
2022-07-06,1923158746.76,,0.64,
2022-07-07,744376112.4,,0.68,
2022-07-08,743999443.99,,0.72,
2022-07-11,697651999.35,,0.67,
2022-07-12,864477342.84,,0.64,
2022-07-13,1366586611.61,,0.6,
2022-07-14,1945992910.36,,0.62,
2022-07-15,1078692000.74,,0.57,
2022-07-18,921822909.21,,0.59,
2022-07-19,605645722.51,,0.62,
2022-07-20,757928199.8,,0.66,
2022-07-21,939711116.05,,0.58,
2022-07-22,921249635.5,,0.43,
2022-07-25,594998066.13,,0.45,
2022-07-26,427754894.06,,0.45,
2022-07-27,932205376.44,,0.36,
2022-07-28,917431292.58,,0.2,
2022-07-29,1236870976.0,,0.14,
2022-08-01,770178501.3,,0.09,21638.4
2022-08-02,939251887.47,,0.27,
2022-08-03,726507196.52,,0.23,
2022-08-04,919769329.93,,0.22,
2022-08-05,995591216.56,,0.37,
2022-08-08,576130655.44,,0.29,
2022-08-09,535959590.22,,0.33,
2022-08-10,680012089.02,,0.35,
2022-08-11,739547623.72,,0.4,
2022-08-12,864815853.85,,0.37,
2022-08-15,867674166.15,,0.35,
2022-08-16,709899922.14,,0.38,
2022-08-17,915281618.99,,0.43,
2022-08-18,597668705.32,,0.36,
2022-08-19,1329910569.98,,0.43,
2022-08-22,720607281.28,,0.46,
2022-08-23,720273545.91,,0.47,
2022-08-24,522791800.0,,0.49,
2022-08-25,467915625.0,,0.43,
2022-08-26,1082061131.25,,0.47,
2022-08-29,761114280.87,,0.54,
2022-08-30,779532839.32,,0.56,
2022-08-31,866205845.24,,0.67,
2022-09-01,1166785559.91,,0.81,21536.7
2022-09-02,827658265.45,,0.73,
2022-09-05,,,,
2022-09-06,770085462.91,,0.85,
2022-09-07,636785125.72,,0.82,
2022-09-08,732436738.32,,0.88,
2022-09-09,627741024.77,,0.91,
2022-09-12,728858647.16,,0.95,
2022-09-13,1034695412.18,,0.98,
2022-09-14,961967378.39,,0.95,
2022-09-15,2042822319.68,,1.02,
2022-09-16,1112884581.85,,1.07,
2022-09-19,870693525.48,,1.15,
2022-09-20,921689602.53,,1.17,
2022-09-21,1217670166.52,,1.13,
2022-09-22,930338621.77,,1.29,
2022-09-23,1468589927.28,,1.32,
2022-09-26,1246210779.79,,1.56,
2022-09-27,1083707953.99,,1.64,
2022-09-28,1388683089.92,,1.39,
2022-09-29,976987243.13,,1.57,
2022-09-30,1056767295.49,,1.68,
2022-10-01,,,,21461.7
2022-10-03,1641683270.1,,1.43,
2022-10-04,1289537125.51,,1.38,
2022-10-05,846401690.07,,1.54,
2022-10-06,911902365.89,,1.61,
2022-10-07,794136424.56,,1.62,
2022-10-10,950107157.89,,,
2022-10-11,823387591.43,,1.62,
2022-10-12,623726036.96,,1.62,
2022-10-13,1097351483.94,,1.63,
2022-10-14,837091238.62,,1.59,
2022-10-17,667070152.04,,1.57,
2022-10-18,696241500.0,,1.6,
2022-10-19,1252519519.16,,1.72,
2022-10-20,760248694.68,,1.73,
2022-10-21,1063388317.9,,1.69,
2022-10-24,718052516.48,,1.66,
2022-10-25,528851400.0,,1.59,
2022-10-26,689382017.0,,1.6,
2022-10-27,565559246.08,,1.51,
2022-10-28,711489481.01,,1.51,
2022-10-31,926316820.33,,1.58,
2022-11-01,706468486.91,,1.56,21406.7
2022-11-02,1098869046.6,,1.57,
2022-11-03,816555614.87,,1.74,
2022-11-04,1203567249.39,,1.69,
2022-11-07,689745372.01,,1.69,
2022-11-08,1801721185.52,,1.64,
2022-11-09,958341153.13,,1.7,
2022-11-10,1624974809.53,,1.43,
2022-11-11,760662132.71,,,
2022-11-14,1020458980.67,,1.51,
2022-11-15,1639029250.0,,1.45,
2022-11-16,601994478.2,,1.38,
2022-11-17,749835639.62,,1.49,
2022-11-18,703431839.99,,1.57,
2022-11-21,771601043.27,,1.52,
2022-11-22,519239889.47,,1.44,
2022-11-23,679554367.63,,1.39,
2022-11-24,,,,
2022-11-25,234465531.75,,1.36,
2022-11-28,656286067.32,,1.43,
2022-11-29,426450226.8,,1.5,
2022-11-30,803399295.1,,1.34,
2022-12-01,1447754240.41,,1.17,21290.9
2022-12-02,867393605.51,,1.08,
2022-12-05,893656914.68,,1.21,
2022-12-06,593061338.82,,1.2,
2022-12-07,766897739.44,,1.16,
2022-12-08,535683816.93,,1.2,
2022-12-09,907352964.74,,1.31,
2022-12-12,580608966.33,,1.33,
2022-12-13,1137476164.92,,1.27,
2022-12-14,948588334.44,,1.3,
2022-12-15,1382822101.04,,1.28,
2022-12-16,895995843.93,,1.35,
2022-12-19,655383988.86,,1.42,
2022-12-20,1319348162.29,,1.45,
2022-12-21,673528892.18,,1.41,
2022-12-22,945979420.84,,1.48,
2022-12-23,487111282.0,,1.55,
2022-12-26,,,,
2022-12-27,1161411006.39,,1.58,
2022-12-28,614970388.41,,1.6,
2022-12-29,564955235.42,,1.56,
2022-12-30,485933778.25,,1.58,
2023-01-01,,,,21279.9
2023-01-02,,,,
2023-01-03,1367265454.49,,1.53,
2023-01-04,1307906168.13,,1.47,
2023-01-05,800182172.05,,1.49,
2023-01-06,1370398242.97,,1.34,
2023-01-09,893916481.34,,1.31,
2023-01-10,768576440.16,,1.37,
2023-01-11,589202787.52,,1.31,
2023-01-12,1225334011.77,,1.22,
2023-01-13,1335122646.97,,1.31,
2023-01-16,,,,
2023-01-17,1174011947.79,,1.36,
2023-01-18,953522685.86,,1.25,
2023-01-19,1201431338.92,,1.19,
2023-01-20,1031778053.36,,1.25,
2023-01-23,945841790.71,,1.24,
2023-01-24,830117282.38,,1.19,
2023-01-25,1254241087.23,,1.17,
2023-01-26,1051712154.15,,1.16,
2023-01-27,1084764901.39,,1.19,
2023-01-30,752704708.87,,1.26,
2023-01-31,1072315650.89,,1.28,
2023-02-01,1452633305.36,,1.14,21243.7
2023-02-02,1573062906.03,,1.18,
2023-02-03,2371961515.81,,1.31,
2023-02-06,1556905805.6,,1.38,
2023-02-07,1182054886.97,,1.36,
2023-02-08,710825410.93,,1.29,
2023-02-09,927665732.46,,1.34,
2023-02-10,515069897.81,,1.41,
2023-02-13,684883567.03,,1.41,
2023-02-14,932629094.3,,1.46,
2023-02-15,926873178.69,,1.46,
2023-02-16,775273300.0,,1.49,
2023-02-17,823726321.58,,1.46,
2023-02-20,,,,
2023-02-21,688605238.29,,1.53,
2023-02-22,696573077.04,,1.52,
2023-02-23,860313432.16,,1.49,
2023-02-24,1093685814.65,,1.57,
2023-02-27,762099867.23,,1.56,
2023-02-28,1147984439.75,,1.49,
2023-03-01,1125393743.8,,1.57,20947.4
2023-03-02,674226476.47,,1.6,
2023-03-03,1189232342.87,,1.45,
2023-03-06,731804821.18,,1.49,
2023-03-07,1469236603.45,,1.59,
2023-03-08,963812805.61,,1.66,
2023-03-09,950226582.96,,1.63,
2023-03-10,2399997090.6,,1.44,
2023-03-13,3655805596.55,,1.31,
2023-03-14,1771659788.35,,1.33,
2023-03-15,2592260578.66,,1.22,
2023-03-16,1921806132.82,,1.34,
2023-03-17,4439203354.21,,1.29,
2023-03-20,2177713444.62,,1.33,
2023-03-21,1936181712.59,,1.36,
2023-03-22,2195703453.22,,1.2,
2023-03-23,2107610416.33,,1.19,
2023-03-24,1698009478.57,,1.16,
2023-03-27,1260003728.87,,1.29,
2023-03-28,1137804959.14,,1.24,
2023-03-29,912011138.9,,1.24,
2023-03-30,1171440007.42,,1.21,
2023-03-31,1466364635.77,,1.16,
2023-04-01,,,,20761.4
2023-04-03,1698985902.19,,1.14,
2023-04-04,2587619833.19,,1.1,
2023-04-05,2148925484.95,,1.07,
2023-04-06,1239860152.52,,1.06,
2023-04-07,,,1.14,
2023-04-10,1186203394.91,,1.14,
2023-04-11,1123547812.64,,1.14,
2023-04-12,1872068495.42,,1.14,
2023-04-13,2667482189.16,,1.16,
2023-04-14,2473463108.1,,1.22,
2023-04-17,1385556583.88,,1.28,
2023-04-18,1500597625.0,,1.3,
2023-04-19,1366751964.5,,1.32,
2023-04-20,1077442469.8,,1.28,
2023-04-21,1971235475.0,,1.29,
2023-04-24,1534551333.73,,1.24,
2023-04-25,1569940425.0,,1.15,
2023-04-26,1515533109.06,,1.18,
2023-04-27,1682592150.0,,1.26,
2023-04-28,1238233940.45,,1.26,
2023-05-01,1471336878.76,,1.36,20829.6
2023-05-02,2752906174.72,,1.24,
2023-05-03,2105512924.8,,1.18,
2023-05-04,2694116626.54,,1.18,
2023-05-05,2344768509.98,,1.23,
2023-05-08,1140291840.83,,1.29,
2023-05-09,1341815206.33,,1.3,
2023-05-10,1772758875.0,,1.26,
2023-05-11,1542980455.26,,1.23,
2023-05-12,1324015857.7,,1.28,
2023-05-15,1033043538.05,,1.31,
2023-05-16,1759869918.52,,1.35,
2023-05-17,1376990257.07,,1.35,
2023-05-18,1602483151.73,,1.42,
2023-05-19,1549003394.85,,1.46,
2023-05-22,885692135.46,,1.48,
2023-05-23,1163863303.53,,1.44,
2023-05-24,1225051134.45,,1.48,
2023-05-25,1246839818.88,,1.58,
2023-05-26,1053623793.34,,1.57,
2023-05-29,,,,
2023-05-30,893106411.06,,1.47,
2023-05-31,1549337190.24,,1.46,
2023-06-01,1341539839.9,,1.45,20799.4
2023-06-02,1579860431.63,,1.51,
2023-06-05,1047086428.49,,1.5,
2023-06-06,905719229.81,,1.5,
2023-06-07,1633329919.66,,1.58,
2023-06-08,1167115065.19,,1.53,
2023-06-09,797189538.6,,1.55,
2023-06-12,886410391.8,,1.56,
2023-06-13,925574383.58,,1.64,
2023-06-14,1229616475.85,,1.62,
2023-06-15,1225891514.68,,1.51,
2023-06-16,1594547975.87,,1.55,
2023-06-19,,,,
2023-06-20,1363259950.0,,1.52,
2023-06-21,1202995863.82,,1.51,
2023-06-22,1411906003.34,,1.56,
2023-06-23,965808343.46,,1.53,
2023-06-26,575177053.3,,1.54,
2023-06-27,895006773.3,,1.57,
2023-06-28,1040048568.84,,1.53,
2023-06-29,1215280099.87,,1.65,
2023-06-30,1144653870.43,,1.59,
2023-07-01,,,,20791.4
2023-07-03,729174883.99,,1.61,
2023-07-04,,,,
2023-07-05,1004902683.31,,1.69,
2023-07-06,910132217.47,,1.78,
2023-07-07,929124500.83,,1.79,
2023-07-10,593638985.95,,1.76,
2023-07-11,505833651.4,,1.75,
2023-07-12,1284436594.48,,1.6,
2023-07-13,824123054.13,,1.52,
2023-07-14,977907660.52,,1.59,
2023-07-17,753909733.86,,1.56,
2023-07-18,1512826314.97,,1.57,
2023-07-19,718443564.84,,1.53,
2023-07-20,908747773.32,,1.5,
2023-07-21,700554943.84,,1.49,
2023-07-24,792717973.33,,1.48,
2023-07-25,746075155.98,,1.52,
2023-07-26,1128834738.79,,1.5,
2023-07-27,1369892962.1,,1.64,
2023-07-28,696305570.34,,1.58,
2023-07-31,1001976813.54,,1.6,
2023-08-01,1126016303.89,,1.68,20777.5
2023-08-02,1138610158.69,,1.72,
2023-08-03,832401270.87,,1.83,
2023-08-04,959727991.0,,1.67,
2023-08-07,810879706.49,,1.68,
2023-08-08,1100940452.24,,1.66,
2023-08-09,825656728.82,,1.66,
2023-08-10,1053984996.22,,1.76,
2023-08-11,939450752.29,,1.8,
2023-08-14,1691719746.67,,1.83,
2023-08-15,1339028965.23,,1.89,
2023-08-16,1151633906.04,,1.96,
2023-08-17,1391478834.22,,1.97,
2023-08-18,1096338501.45,,1.94,
2023-08-21,739527173.73,,2.0,
2023-08-22,1037616455.96,,1.99,
2023-08-23,1414065394.15,,1.84,
2023-08-24,982870273.73,,1.91,
2023-08-25,1089307906.05,,1.92,
2023-08-28,844460914.15,,1.9,
2023-08-29,1362803005.0,,1.83,
2023-08-30,1188976032.29,,1.86,
2023-08-31,863303932.49,,1.85,
2023-09-01,895272780.03,,1.92,20747.8
2023-09-04,,,,
2023-09-05,1260626747.69,,1.98,
2023-09-06,1142948987.77,,2.0,
2023-09-07,579846757.92,,1.95,
2023-09-08,586364022.03,,1.93,
2023-09-11,658172344.51,,1.94,
2023-09-12,789014070.42,,1.93,
2023-09-13,686149591.09,,1.9,
2023-09-14,1095690136.68,,1.95,
2023-09-15,1002431285.42,,1.98,
2023-09-18,905793923.92,,1.96,
2023-09-19,757150739.16,,2.0,
2023-09-20,1672976856.93,,2.0,
2023-09-21,1348176818.11,,2.11,
2023-09-22,649247958.25,,2.07,
2023-09-25,991939152.96,,2.18,
2023-09-26,1265884299.23,,2.23,
2023-09-27,1901102426.65,,2.27,
2023-09-28,1743022894.01,,2.2,
2023-09-29,1787777698.18,,2.24,
2023-10-01,,,,20732.9
2023-10-02,2155572822.45,,2.34,
2023-10-03,1938539809.97,,2.45,
2023-10-04,1697252237.88,,2.4,
2023-10-05,1176778878.76,,2.41,
2023-10-06,1688243449.64,,2.47,
2023-10-09,1763023304.72,,,
2023-10-10,1008265312.87,,2.34,
2023-10-11,1238775072.14,,2.26,
2023-10-12,1024434369.52,,2.36,
2023-10-13,3361378129.42,,2.29,
2023-10-16,1492265840.3,,2.33,
2023-10-17,1467665395.73,,2.42,
2023-10-18,2517855028.03,,2.47,
2023-10-19,2454614344.9,,2.49,
2023-10-20,2347326616.18,,2.46,
2023-10-23,1734519017.57,,2.45,
2023-10-24,1206372279.88,,2.43,
2023-10-25,1853183652.31,,2.52,
2023-10-26,1411614271.86,,2.44,
2023-10-27,2625236133.92,,2.42,
2023-10-30,1620809693.44,,2.44,
2023-10-31,1860155777.0,,2.46,
2023-11-01,1660508536.29,,2.36,20746.4
2023-11-02,1352122008.14,,2.27,
2023-11-03,1576332558.73,,2.18,
2023-11-06,1517166295.5,,2.25,
2023-11-07,1240845097.11,,2.19,
2023-11-08,1218082519.79,,2.15,
2023-11-09,1177198622.63,,2.29,
2023-11-10,1365460724.22,,2.29,
2023-11-13,972208779.41,,2.32,
2023-11-14,1244170958.64,,2.16,
2023-11-15,891743413.0,,2.22,
2023-11-16,1516048697.15,,2.18,
2023-11-17,894674928.08,,2.16,
2023-11-20,988235914.69,,2.12,
2023-11-21,1357206884.69,,2.16,
2023-11-22,800565901.41,,2.16,
2023-11-23,,,,
2023-11-24,453614962.45,,2.21,
2023-11-27,1180461135.0,,2.18,
2023-11-28,2063293534.11,,2.12,
2023-11-29,1593519585.55,,2.06,
2023-11-30,1426591375.0,,2.14,
2023-12-01,3211866384.11,,2.0,20777.8
2023-12-04,3467989541.27,,2.07,
2023-12-05,1315234012.11,,2.01,
2023-12-06,1085452202.84,,1.98,
2023-12-07,1091646264.59,,1.97,
2023-12-08,1463437243.19,,2.02,
2023-12-11,1564094973.8,,2.04,
2023-12-12,927890608.78,,2.04,
2023-12-13,1995538916.93,,1.88,
2023-12-14,1718801817.09,,1.7,
2023-12-15,1556737600.0,,1.69,
2023-12-18,1006500332.7,,1.74,
2023-12-19,1139621757.42,,1.74,
2023-12-20,1129051476.64,,1.67,
2023-12-21,875166566.16,,1.7,
2023-12-22,1365434631.66,,1.71,
2023-12-25,,,,
2023-12-26,863257649.5,,1.71,
2023-12-27,1119583425.71,,1.64,
2023-12-28,1181657112.53,,1.68,
2023-12-29,881733382.55,,1.72,
2024-01-01,,,,20843.7
2024-01-02,1149202439.36,,1.74,
2024-01-03,1638168450.29,,1.71,
2024-01-04,836169676.35,,1.77,
2024-01-05,1416697810.67,,1.83,
2024-01-08,1167612019.65,,1.79,
2024-01-09,833901756.5,,1.8,
2024-01-10,844631250.0,,1.82,
2024-01-11,1283358723.65,,1.76,
2024-01-12,1296421272.88,,1.69,
2024-01-15,,,,
2024-01-16,1230453494.98,,1.77,
2024-01-17,1606252256.35,,1.8,
2024-01-18,877865901.12,,1.8,
2024-01-19,1074903179.11,,1.81,
2024-01-22,823299955.37,,1.8,
2024-01-23,947418344.62,,1.85,
2024-01-24,1134318522.86,,1.88,
2024-01-25,870388137.16,,1.85,
2024-01-26,947168220.18,,1.85,
2024-01-29,1060241411.31,,1.78,
2024-01-30,938518116.78,,1.8,
2024-01-31,1486135520.93,,1.73,
2024-02-01,1957053058.64,,1.68,20926.9
2024-02-02,1383944740.48,,1.82,
2024-02-05,1019649316.82,,1.9,
2024-02-06,917503169.85,,1.85,
2024-02-07,1183195650.0,,1.86,
2024-02-08,729458596.09,,1.91,
2024-02-09,827803786.93,,1.92,
2024-02-12,880595795.87,,1.93,
2024-02-13,1757795862.37,,2.02,
2024-02-14,1296767659.12,,1.97,
2024-02-15,1156457596.81,,1.94,
2024-02-16,1214657266.13,,1.97,
2024-02-19,,,,
2024-02-20,1036934070.75,,1.95,
2024-02-21,1085359191.27,,1.98,
2024-02-22,853548036.89,,2.02,
2024-02-23,1287765292.66,,1.96,
2024-02-26,845375566.29,,1.97,
2024-02-27,971095200.0,,1.99,
2024-02-28,531890983.66,,1.94,
2024-02-29,1296508449.28,,1.92,
2024-03-01,2586847781.81,,1.87,20973.2
2024-03-04,2394516895.89,,1.88,
2024-03-05,1907261141.61,,1.81,
2024-03-06,2079413407.46,,1.81,
2024-03-07,1680235798.52,,1.81,
2024-03-08,2730090429.11,,1.81,
2024-03-11,1480579200.0,,1.83,
2024-03-12,1885338250.64,,1.86,
2024-03-13,1193056714.48,,1.89,
2024-03-14,1375402791.9,,1.99,
2024-03-15,910018587.59,,1.99,
2024-03-18,1441576195.2,,2.03,
2024-03-19,930568514.21,,2.0,
2024-03-20,1939674413.73,,1.96,
2024-03-21,1493871114.03,,1.93,
2024-03-22,1386121517.23,,1.87,
2024-03-25,810954474.16,,1.92,
2024-03-26,1159974424.49,,1.92,
2024-03-27,1226927136.87,,1.88,
2024-03-28,1891492551.22,,1.88,
2024-03-29,,,,
2024-04-01,2842375022.17,,1.98,20958.8
2024-04-02,2830375770.81,,2.0,
2024-04-03,2428682450.71,,2.0,
2024-04-04,2603240148.58,,1.97,
2024-04-05,2879154069.83,,2.02,
2024-04-08,2236541427.86,,2.04,
2024-04-09,2844925109.07,,2.0,
2024-04-10,2871386183.13,,2.15,
2024-04-11,2509060994.84,,2.16,
2024-04-12,6701640713.14,,2.11,
2024-04-15,2925157009.6,,2.2,
2024-04-16,2377252255.12,,2.24,
2024-04-17,2529918306.81,,2.2,
2024-04-18,1431526922.21,,2.24,
2024-04-19,1920529659.39,,2.21,
2024-04-22,2889565049.18,,2.21,
2024-04-23,2307443639.96,,2.2,
2024-04-24,1232269700.5,,2.24,
2024-04-25,1426475467.9,,2.28,
2024-04-26,1357882439.39,,2.24,
2024-04-29,1385692135.05,,2.22,
2024-04-30,2383240827.08,,2.28,
2024-05-01,2217836011.35,,2.25,21019.9
2024-05-02,1339948340.7,,2.21,
2024-05-03,1848471562.28,,2.15,
2024-05-06,1472075579.12,,2.14,
2024-05-07,1212578585.01,,2.15,
2024-05-08,953143474.17,,2.17,
2024-05-09,1677565851.4,,2.13,
2024-05-10,1902973897.42,,2.16,
2024-05-13,1058873811.1,,2.15,
2024-05-14,1016888225.92,,2.12,
2024-05-15,2053768947.33,,2.05,
2024-05-16,946503045.75,,2.07,
2024-05-17,2344381792.39,,2.1,
2024-05-20,1345316489.37,,2.11,
2024-05-21,897502980.9,,2.09,
2024-05-22,1959661346.43,,2.1,
2024-05-23,2057515799.64,,2.17,
2024-05-24,909541400.29,,2.14,
2024-05-27,,,,
2024-05-28,831238452.3,,2.2,
2024-05-29,904629615.33,,2.25,
2024-05-30,664610038.48,,2.19,
2024-05-31,1209383177.14,,2.16,
2024-06-01,,,,21067.7
2024-06-03,1340812179.53,,2.08,
2024-06-04,1186008561.54,,2.02,
2024-06-05,1193479384.13,,1.99,
2024-06-06,1159446138.3,,2.0,
2024-06-07,2580483234.43,,2.13,
2024-06-10,900135133.7,,2.16,
2024-06-11,857477990.56,,2.12,
2024-06-12,1269403175.22,,2.09,
2024-06-13,1248238474.15,,2.03,
2024-06-14,1526613314.77,,2.03,
2024-06-17,832193199.37,,2.06,
2024-06-18,1060414064.01,,2.01,
2024-06-19,,,,
2024-06-20,1590495506.7,,2.0,
2024-06-21,1904153557.18,,2.02,
2024-06-24,997698469.59,,2.03,
2024-06-25,819812294.67,,2.01,
2024-06-26,997063982.59,,2.06,
2024-06-27,1070177249.34,,2.03,
2024-06-28,850386029.27,,2.08,
2024-07-01,818713330.82,,2.16,21094.4
2024-07-02,1060921639.98,,2.13,
2024-07-03,1102004874.77,,2.09,
2024-07-04,,,,
2024-07-05,1314666014.42,,2.0,
2024-07-08,1263494666.14,,2.01,
2024-07-09,852711830.47,,2.04,
2024-07-10,1218808035.39,,2.01,
2024-07-11,2081136500.0,,1.95,
2024-07-12,1155553626.16,,1.94,
2024-07-15,1280150929.47,,1.96,
2024-07-16,2527330028.67,,1.91,
2024-07-17,1958836178.17,,1.9,
2024-07-18,1238516183.3,,1.89,
2024-07-19,1921512142.97,,1.93,
2024-07-22,1183103396.28,,1.96,
2024-07-23,987298114.12,,1.96,
2024-07-24,1516845860.87,,2.0,
2024-07-25,2134634260.9,,1.99,
2024-07-26,1396323174.9,,1.93,
2024-07-29,1027814866.17,,1.92,
2024-07-30,1099137561.1,,1.9,
2024-07-31,1657575752.33,,1.85,
2024-08-01,1629427274.84,,1.79,21185.8
2024-08-02,2503392155.32,,1.76,
2024-08-05,1988748681.81,,1.71,
2024-08-06,3169759566.17,,1.78,
2024-08-07,1166224306.14,,1.85,
2024-08-08,1417333636.24,,1.87,
2024-08-09,997270949.16,,1.84,
2024-08-12,1270256553.37,,1.79,
2024-08-13,1537169995.54,,1.76,
2024-08-14,1235617483.33,,1.77,
2024-08-15,1196564522.31,,1.8,
2024-08-16,2766364820.5,,1.81,
2024-08-19,1196219331.15,,1.79,
2024-08-20,2109249116.92,,1.75,
2024-08-21,1239077377.42,,1.72,
2024-08-22,1322409769.85,,1.76,
2024-08-23,1257130787.15,,1.68,
2024-08-26,733519846.69,,1.67,
2024-08-27,1035224681.29,,1.68,
2024-08-28,1149827625.0,,1.69,
2024-08-29,1286862373.14,,1.71,
2024-08-30,1328298431.44,,1.76,
2024-09-01,,,,21268.6
2024-09-02,,,,
2024-09-03,1477978147.91,,1.73,
2024-09-04,1082099245.61,,1.7,
2024-09-05,1124132564.53,,1.7,
2024-09-06,1456612984.84,,1.69,
2024-09-09,821902101.66,,1.66,
2024-09-10,1018480124.62,,1.63,
2024-09-11,1077012925.0,,1.61,
2024-09-12,2346804184.18,,1.63,
2024-09-13,1779383213.4,,1.58,
2024-09-16,1124923927.26,,1.54,
2024-09-17,1247720094.75,,1.53,
2024-09-18,2609709800.13,,1.58,
2024-09-19,1460898182.82,,1.56,
2024-09-20,1874075705.95,,1.58,
2024-09-23,1316830176.26,,1.58,
2024-09-24,2063616902.42,,1.55,
2024-09-25,1816780150.41,,1.61,
2024-09-26,1739010847.92,,1.63,
2024-09-27,2040918627.59,,1.6,
2024-09-30,1681173085.11,,1.63,
2024-10-01,2604816861.47,,1.55,21331.0
2024-10-02,1670193232.9,,1.58,
2024-10-03,1393033036.17,,1.64,
2024-10-04,1457211000.0,,1.75,
2024-10-07,939810322.95,,1.76,
2024-10-08,1858929388.55,,1.77,
2024-10-09,993246537.57,,1.77,
2024-10-10,1163763449.1,,1.76,
2024-10-11,1421148572.07,,1.75,
2024-10-14,961385131.73,,,
2024-10-15,1387185525.67,,1.75,
2024-10-16,1342494051.85,,1.75,
2024-10-17,1286958631.27,,1.79,
2024-10-18,1968348705.47,,1.77,
2024-10-21,2325945503.3,,1.88,
2024-10-22,1461697216.84,,1.87,
2024-10-23,2027280430.54,,1.93,
2024-10-24,1507244178.2,,1.91,
2024-10-25,1120814372.41,,1.96,
2024-10-28,1020691910.38,,1.99,
2024-10-29,2272926762.5,,1.98,
2024-10-30,1644446500.0,,1.95,
2024-10-31,2517557053.45,,1.95,
2024-11-01,1634238317.9,,2.04,21451.6
2024-11-04,1158315370.39,,2.03,
2024-11-05,1527976623.2,,1.99,
2024-11-06,3587269095.44,,2.04,
2024-11-07,2202262456.16,,1.98,
2024-11-08,1554188526.08,,1.95,
2024-11-11,2821851124.89,,,
2024-11-12,2435427305.96,,2.08,
2024-11-13,2003624912.17,,2.09,
2024-11-14,1958271378.61,,2.1,
2024-11-15,1726988678.27,,2.1,
2024-11-18,1524508482.84,,2.08,
2024-11-19,1600366075.0,,2.05,
2024-11-20,1622001801.62,,2.06,
2024-11-21,1886061052.0,,2.09,
2024-11-22,1874549492.52,,2.07,
2024-11-25,2602562042.14,,1.98,
2024-11-26,1201606389.91,,2.02,
2024-11-27,1687531832.07,,1.99,
2024-11-28,,,,
2024-11-29,665180505.08,,1.92,
2024-12-01,,,,21485.3
2024-12-02,1159991611.63,,1.93,
2024-12-03,867854127.94,,1.95,
2024-12-04,1127586153.56,,1.9,
2024-12-05,1167233734.93,,1.92,
2024-12-06,860213054.19,,1.91,
2024-12-09,1156013642.88,,1.93,
2024-12-10,1153954763.0,,1.93,
2024-12-11,2769042522.08,,1.96,
2024-12-12,2509793075.61,,2.0,
2024-12-13,1612949109.67,,2.07,
2024-12-16,810552816.16,,2.07,
2024-12-17,1078531932.79,,2.09,
2024-12-18,1917860263.97,,2.18,
2024-12-19,1943491489.51,,2.28,
2024-12-20,2306680438.15,,2.23,
2024-12-23,1406122119.18,,2.27,
2024-12-24,584526245.91,,2.24,
2024-12-25,,,,
2024-12-26,1129084491.02,,2.23,
2024-12-27,1141363311.14,,2.28,
2024-12-30,847619192.2,,2.24,
2024-12-31,610676085.31,,2.24,
2025-01-01,,,,21547.6
2025-01-02,1531887086.57,,2.23,
2025-01-03,1186307655.76,,2.26,
2025-01-06,914126900.18,,2.28,
2025-01-07,1244883755.57,,2.29,
2025-01-08,1549729341.85,,2.27,
2025-01-09,,,2.29,
2025-01-10,3072864704.12,,2.34,
2025-01-13,2076159010.41,,2.34,
2025-01-14,1214103038.0,,2.34,
2025-01-15,1579143630.98,,2.24,
2025-01-16,2314541656.37,,2.19,
2025-01-17,2072156618.52,,2.2,
2025-01-20,,,,
2025-01-21,1941026190.44,,2.19,
2025-01-22,1326547095.81,,2.2,
2025-01-23,1654376852.69,,2.23,
2025-01-24,1876803300.19,,2.2,
2025-01-27,1467291433.86,,2.13,
2025-01-28,1360619720.95,,2.13,
2025-01-29,1441771542.69,,2.15,
2025-01-30,3349798501.54,,2.14,
2025-01-31,2316981994.12,,2.16,
2025-02-01,,,,21613.2
2025-02-03,2994794762.13,,2.09,
2025-02-04,2585730000.0,,2.08,
2025-02-05,3349459004.92,,2.01,
2025-02-06,2300112638.05,,2.03,
2025-02-07,2415740544.13,,2.07,
2025-02-10,3555982946.3,,2.07,
2025-02-11,1917052710.02,,2.08,
2025-02-12,2496986487.26,,2.16,
2025-02-13,2256412704.62,,2.08,
2025-02-14,3074770841.67,,2.04,
2025-02-17,,,,
2025-02-18,2215923229.93,,2.1,
2025-02-19,2530416182.02,,2.08,
2025-02-20,1993646259.16,,2.05,
2025-02-21,2414296788.92,,2.0,
2025-02-24,1462965378.08,,1.98,
2025-02-25,2707635826.78,,1.92,
2025-02-26,1957462271.12,,1.89,
2025-02-27,2483612709.34,,1.92,
2025-02-28,3028789588.61,,1.86,
2025-03-01,,,,21693.5
2025-03-03,2060726468.55,,1.8,
2025-03-04,2281978557.29,,1.87,
2025-03-05,1884751613.87,,1.94,
2025-03-06,1646089300.0,,1.95,
2025-03-07,2799629920.8,,1.99,
2025-03-10,2020281220.89,,1.91,
2025-03-11,2270795286.9,,1.97,
2025-03-12,1956161848.83,,1.99,
2025-03-13,3780698962.1,,1.98,
2025-03-14,3678582469.48,,2.01,
2025-03-17,2375284376.3,,2.02,
2025-03-18,2686636058.0,,1.99,
2025-03-19,2480008512.77,,1.94,
2025-03-20,1646121475.0,,1.93,
2025-03-21,2606471365.6,,1.92,
2025-03-24,2181985225.0,,1.98,
2025-03-25,1417468000.21,,1.96,
2025-03-26,1034357163.7,,1.98,
2025-03-27,2390062321.35,,1.99,
2025-03-28,2716664598.65,,1.9,
2025-03-31,4012378517.98,,1.85,
2025-04-01,4579149768.63,,1.84,21775.5
2025-04-02,3191314408.56,,1.88,
2025-04-03,5878598923.6,,1.78,
2025-04-04,6018791210.27,,1.83,
2025-04-07,5421373800.75,,1.96,
2025-04-08,3478390554.29,,2.04,
2025-04-09,7232157159.74,,2.07,
2025-04-10,5799580951.08,,2.21,
2025-04-11,6280394038.6,,2.28,
2025-04-14,3681428084.53,,2.15,
2025-04-15,2359638488.33,,2.16,
2025-04-16,6388642432.36,,2.12,
2025-04-17,5598261246.7,,2.11,
2025-04-18,,,,
2025-04-21,6429294082.39,,2.2,
2025-04-22,10964231436.76,,2.14,
2025-04-23,7719238319.84,,2.11,
2025-04-24,3341019229.43,,2.02,
2025-04-25,3258051385.46,,2.02,
2025-04-28,2897685853.67,,1.98,
2025-04-29,2097153709.27,,1.96,
2025-04-30,2530981171.46,,1.94,
2025-05-01,4452708358.09,,2.0,21833.8
2025-05-02,2585989727.34,,2.06,
2025-05-05,2738597163.57,,2.08,
2025-05-06,3610763369.74,,2.04,
2025-05-07,2451289225.0,,2.01,
2025-05-08,3633504846.24,,2.08,
2025-05-09,2121215578.68,,2.08,
2025-05-12,4286749656.1,,2.16,
2025-05-13,3064553768.55,,2.17,
2025-05-14,4338943950.2,,2.16,
2025-05-15,4020154918.57,,2.11,
2025-05-16,4170263381.59,,2.09,
2025-05-19,3473927074.77,,2.1,
2025-05-20,3901306407.44,,2.13,
2025-05-21,3796602480.93,,2.23,
2025-05-22,2941439919.85,,2.2,
2025-05-23,4131910125.0,,2.18,
2025-05-26,,,,
2025-05-27,2916653250.0,,2.11,
2025-05-28,2674530551.51,,2.15,
2025-05-29,2899596980.02,,2.11,
2025-05-30,2900381938.31,,2.07,
2025-06-01,,,,21938.7
2025-06-02,4236592826.53,,2.13,
2025-06-03,2877527575.11,,2.14,
2025-06-04,2320091204.45,,2.06,
2025-06-05,3346269928.74,,2.11,
2025-06-06,2376589192.96,,2.2,
2025-06-09,2195092545.04,,2.18,
2025-06-10,2168961046.57,,2.18,
2025-06-11,2852052410.84,,2.14,
2025-06-12,3600103220.76,,2.11,
2025-06-13,5248168482.79,,2.13,
2025-06-16,4005874136.32,,2.16,
2025-06-17,2568545174.1,,2.08,
2025-06-18,2907384499.51,,2.07,
2025-06-19,,,,
2025-06-20,2727500353.94,,2.05,
2025-06-23,3946951761.63,,2.04,
2025-06-24,3685057917.38,,2.01,
2025-06-25,2067900351.12,,2.01,
2025-06-26,2082269241.71,,1.98,
2025-06-27,4006617602.24,,2.0,
2025-06-30,2497197733.0,,1.95,
2025-07-01,2871163666.04,,1.97,22019.9
2025-07-02,2571846700.0,,2.0,
2025-07-03,1620409289.28,,2.02,
2025-07-04,,,,
2025-07-07,2259661256.1,,2.05,
2025-07-08,3601406523.36,,2.07,
2025-07-09,3251985315.06,,2.01,
2025-07-10,2159843026.1,,2.01,
2025-07-11,2840162056.58,,2.06,
2025-07-14,1778110985.38,,2.04,
2025-07-15,2499542859.53,,2.09,
2025-07-16,5454075178.78,,2.05,
2025-07-17,2043105032.68,,2.04,
2025-07-18,1719058458.65,,2.03,
2025-07-21,3443114907.69,,1.98,
2025-07-22,4327978063.57,,1.96,
2025-07-23,3292718472.75,,2.03,
2025-07-24,2388706591.42,,1.98,
2025-07-25,2882305302.77,,1.96,
2025-07-28,2832799947.97,,1.98,
2025-07-29,1758211875.0,,1.91,
2025-07-30,4050801100.99,,1.96,
2025-07-31,2720883683.26,,1.98,
2025-08-01,3970023185.86,,1.9,22086.8
2025-08-04,2375041517.97,,1.85,
2025-08-05,2177404357.63,,1.86,
2025-08-06,2303351100.0,,1.88,
2025-08-07,3410346426.82,,1.88,
2025-08-08,6225562497.24,,1.88,
2025-08-11,3186303158.94,,1.87,
2025-08-12,2989417391.46,,1.91,
2025-08-13,1459038265.68,,1.87,
2025-08-14,1787488325.0,,1.9,
2025-08-15,1841536399.13,,1.95,
2025-08-18,1887773270.07,,1.96,
2025-08-19,1535477517.74,,1.95,
2025-08-20,2009088648.56,,1.94,
2025-08-21,1477757651.09,,1.94,
2025-08-22,2648160255.51,,1.85,
2025-08-25,1253076397.69,,1.87,
2025-08-26,3650867722.92,,1.84,
2025-08-27,1350938434.09,,1.81,
2025-08-28,3027501294.27,,1.81,
2025-08-29,4975441896.57,,1.82,
2025-09-01,,,,22169.8
2025-09-02,6917973447.19,,1.87,
2025-09-03,5270650543.29,,1.82,
2025-09-04,3823285767.57,,1.79,
2025-09-05,5318384263.89,,1.73,
2025-09-08,6233444522.36,,1.7,
2025-09-09,7229693061.16,,1.72,
2025-09-10,4004915498.66,,1.69,
2025-09-11,3040491264.7,,1.67,
2025-09-12,3226639903.17,,1.7,
2025-09-15,3582244847.71,,1.68,
2025-09-16,4129923740.46,,1.67,
2025-09-17,5571900061.18,,1.68,
2025-09-18,5005201673.18,,1.73,
2025-09-19,5081798158.26,,1.75,
2025-09-22,4273927168.8,,1.78,
2025-09-23,6369320482.91,,1.75,
2025-09-24,4363288305.08,,1.78,
2025-09-25,4357502100.0,,1.8,
2025-09-26,4056233753.76,,1.82,
2025-09-29,5540530081.68,,1.8,
2025-09-30,4732158844.25,,1.8,
2025-10-01,5544668788.99,,1.77,22250.4
2025-10-02,5734151597.1,,1.76,
2025-10-03,5172905171.88,,1.8,
2025-10-06,6228602489.47,,1.84,
2025-10-07,6166646532.42,,1.79,
2025-10-08,10443870947.56,,1.78,
2025-10-09,12305781917.36,,1.8,
2025-10-10,8930046217.87,,1.75,
2025-10-13,7000109428.2,,,
2025-10-14,7010191741.31,,1.73,
2025-10-15,7979575738.73,,1.76,
2025-10-16,13329204440.42,,1.71,
2025-10-17,24127104144.29,,1.75,
2025-10-20,13917947239.29,,1.74,
2025-10-21,20409211607.67,,1.7,
2025-10-22,11516132410.74,,1.68,
2025-10-23,5187718562.03,,1.71,
2025-10-24,5007349630.28,,1.73,
2025-10-27,8682576007.03,,1.73,
2025-10-28,7017084382.03,,1.71,
2025-10-29,6857723400.0,,1.78,
2025-10-30,5482661736.33,,1.82,
2025-10-31,4077996493.91,,1.81,
2025-11-01,,,,22296.5
2025-11-03,2675240745.14,,1.82,
2025-11-04,4181209116.52,,1.81,
2025-11-05,3063034104.61,,1.87,
2025-11-06,2522625027.47,,1.83,
2025-11-07,4073655897.0,,1.83,
2025-11-10,5091557021.7,,1.84,
2025-11-11,4084818031.49,,,
2025-11-12,6254466004.76,,1.81,
2025-11-13,6075342795.52,,1.83,
2025-11-14,5713839950.13,,1.86,
2025-11-17,4941160998.85,,1.85,
2025-11-18,2926967827.72,,1.85,
2025-11-19,4117210690.17,,1.86,
2025-11-20,3938361589.13,,1.86,
2025-11-21,4938342797.04,,1.82,
2025-11-24,3834431183.11,,1.81,
2025-11-25,3976700883.51,,1.79,
2025-11-26,3518612347.16,,1.77,
2025-11-27,,,,
2025-11-28,2783194187.04,,1.79,
2025-12-01,4356274725.0,,1.85,22386.9
2025-12-02,3138154156.86,,1.85,
2025-12-03,3051245222.51,,1.82,
2025-12-04,2614830904.98,,1.85,
2025-12-05,3651780735.07,,1.88,
2025-12-08,2629373873.61,,1.91,
2025-12-09,2463360341.19,,1.92,
2025-12-10,3548330413.67,,1.88,
2025-12-11,4420253434.23,,1.89,
2025-12-12,6640268065.0,,1.93,
2025-12-15,4490350861.51,,1.93,
2025-12-16,3642821558.79,,1.92,
2025-12-17,4175335690.35,,1.92,
2025-12-18,4718112318.7,,1.88,
2025-12-19,3948222987.29,,1.92,
2025-12-22,5797723439.03,,1.94,
2025-12-23,5457276805.26,,1.94,
2025-12-24,2767510462.79,,1.91,
2025-12-25,,,,
2025-12-26,4365851485.69,,1.91,
2025-12-29,8242729246.22,,1.9,
2025-12-30,4060301459.11,,1.9,
2025-12-31,4040261532.11,,1.93,
2026-01-01,,,,22469.1
2026-01-02,4131199115.34,,1.94,
2026-01-05,5481716986.96,,1.91,
2026-01-06,4809786976.74,,1.91,
2026-01-07,4333541201.34,,1.88,
2026-01-08,3582390705.98,,1.92,
2026-01-09,5807222081.1,,1.9,
2026-01-12,8826338372.66,,1.9,
2026-01-13,7033294437.45,,1.88,
2026-01-14,7797044714.69,,1.86,
2026-01-15,6033806964.61,,1.88,
2026-01-16,8826699743.03,,1.91,
2026-01-19,,,,
2026-01-20,9316540797.1,,1.97,
2026-01-21,17225076957.0,,1.92,
2026-01-22,8697499812.5,,1.95,
2026-01-23,9861610200.0,,1.92,
2026-01-26,15872293616.94,,1.9,
2026-01-27,13514669993.26,,1.9,
2026-01-28,21837098868.2,,1.9,
2026-01-29,34698568882.93,,1.89,
2026-01-30,38529778882.05,,1.9,
2026-02-01,,,,22667.3
2026-02-02,17779799009.25,,1.94,
2026-02-03,13039713260.27,,1.92,
2026-02-04,11089533792.82,,1.94,
2026-02-05,7829274114.51,,1.89,
2026-02-06,5767899785.79,,1.88,
2026-02-09,5758900211.95,,1.87,
2026-02-10,3635203792.02,,1.84,
2026-02-11,5241945302.73,,1.86,
2026-02-12,9248439732.13,,1.8,
2026-02-13,5717659305.65,,1.77,
2026-02-16,,,,
2026-02-17,4919488153.99,,1.79,
2026-02-18,4686508751.52,,1.8,
2026-02-19,3865542963.46,,1.79,
2026-02-20,6708904436.1,,1.8,
2026-02-23,8394293226.71,,1.77,
2026-02-24,6714354923.77,,1.78,
2026-02-25,6132824879.95,,1.77,
2026-02-26,5908815135.96,,1.74,
2026-02-27,8124629625.0,,1.72,
2026-03-02,9759134000.0,,1.76,
2026-03-03,10575985140.93,,1.77,
2026-03-04,4711347498.1,,1.8,
2026-03-05,5441974581.01,,1.82,
2026-03-06,4967025300.44,,1.8,
2026-03-09,4172345383.22,,1.78,
2026-03-10,4595483907.13,,1.82,
2026-03-11,3582705822.53,,1.85,
2026-03-12,5556152186.11,,1.89,
2026-03-13,5410998901.0,,1.92,
2026-03-16,4127340497.34,,1.87,
2026-03-17,3495090543.39,,1.83,
2026-03-18,8172364164.55,,1.86,
2026-03-19,12880140570.62,,1.88,
2026-03-20,11245961694.84,,2.01,
2026-03-23,14867379386.43,,2.01,
2026-03-24,7063586290.34,,2.06,
2026-03-25,6541248162.27,,2.02,
2026-03-26,6312604262.81,,2.08,
2026-03-27,6876016492.4,,2.13,
2026-03-30,5460889041.13,,2.04,
2026-03-31,,,2.0,
