datetime_utc,actual_return,tech_signal,ml_signal,sg_signal
2017-01-18,-0.008622907336826992,1,1,1.0
2017-01-19,0.0028272298148097597,1,1,1.0
2017-01-20,0.008845550963396858,1,1,1.0
2017-01-23,-0.0038757736862718066,1,1,1.0
2017-01-24,-0.010799240583716598,1,1,0.0
2017-01-25,-0.0065360117616481,1,1,0.0
2017-01-26,-0.001177678827598852,1,1,0.0
2017-01-27,0.004283360803183659,1,1,0.0
2017-01-30,0.012823912008577408,-1,1,0.0
2017-01-31,-0.002485296665438633,1,1,1.0
2017-02-01,0.009164887600060555,1,1,0.0
2017-02-02,0.0014783584034642827,1,1,0.0
2017-02-03,0.009393575301202162,1,1,1.0
2017-02-06,0.0034087779579315197,1,1,1.0
2017-02-07,0.002751053207520085,1,1,1.0
2017-02-08,-0.002022081854817559,1,-1,1.0
2017-02-09,-0.000566876850066067,1,1,1.0
2017-02-10,-0.008134093816160818,1,1,1.0
2017-02-13,-0.00040844667481872133,1,1,1.0
2017-02-14,0.006352787968514301,1,1,1.0
2017-02-15,0.0067160902945164426,1,-1,0.0
2017-02-16,-0.001937379067167637,1,1,1.0
2017-02-17,-8.078508906953723e-05,1,-1,0.0
2017-02-21,-0.004454350349380309,1,1,0.0
2017-02-22,0.014664634347995097,-1,1,1.0
2017-02-23,0.005344891913360862,1,-1,1.0
2017-02-24,0.00039772501044503744,-1,-1,1.0
2017-02-27,-0.00382474476466306,-1,-1,1.0
2017-02-28,-0.002958188183111069,1,-1,1.0
2017-03-01,-0.013705470631345843,1,1,1.0
2017-03-02,-0.005208788817978716,-1,1,1.0
2017-03-03,-0.0008163265759448011,-1,1,1.0
2017-03-06,-0.007706239569881471,-1,1,1.0
2017-03-07,-0.005446436678803248,-1,-1,0.0
2017-03-08,-0.00506034140032999,-1,1,-1.0
2017-03-09,-0.001414900372918341,-1,1,-1.0
2017-03-10,0.001414900372918352,-1,1,-1.0
2017-03-13,-0.00041592147157480674,-1,1,-1.0
2017-03-14,-0.001498791977594266,-1,1,-1.0
2017-03-15,0.021759718404505305,-1,1,-1.0
2017-03-16,0.0026870095249430263,-1,1,0.0
2017-03-17,0.0030851097946710264,-1,1,0.0
2017-03-20,0.010081950338285382,-1,1,0.0
2017-03-21,0.0025647791657264977,1,1,0.0
2017-03-22,-0.0019229429398218444,1,1,0.0
2017-03-23,0.0010419837987625065,1,-1,0.0
2017-03-24,0.0057517919495583296,1,1,1.0
2017-03-27,-7.963960893288656e-05,1,1,1.0
2017-03-28,-0.0015147484528922495,1,-1,1.0
2017-03-29,-0.006724348370036059,1,-1,1.0
2017-03-30,0.0018457243799123385,1,-1,1.0
2017-03-31,0.0028021313424812086,1,1,1.0
2017-04-03,0.003352186944682863,1,-1,1.0
2017-04-04,-0.0076787895241424015,1,-1,1.0
2017-04-05,0.00392677851233867,1,-1,1.0
2017-04-06,0.003194125405133405,1,-1,1.0
2017-04-07,-0.0025545421499374417,1,-1,0.0
2017-04-10,0.0159381530021803,1,1,1.0
2017-04-11,0.003220185508956306,1,1,1.0
2017-04-12,0.00827739794195269,1,-1,1.0
2017-04-13,0.002718131548590306,-1,-1,1.0
2017-04-17,0.0017821296255692255,-1,1,1.0
2017-04-18,-0.008005893178956763,-1,-1,0.0
2017-04-19,0.00039012210573624806,1,-1,0.0
2017-04-20,0.004281328219062014,1,-1,1.0
2017-04-21,-0.009051228501958202,1,-1,0.0
2017-04-24,-0.008027172357523912,1,1,0.0
2017-04-25,-0.002769317802300099,-1,1,0.0
2017-04-26,0.0012669062050332798,-1,1,0.0
2017-04-27,0.0018974031177029385,-1,1,0.0
2017-04-28,-0.01016117866619856,-1,1,0.0
2017-05-01,0.0014351196373916847,-1,1,-1.0
2017-05-02,-0.006955815510367903,-1,1,-1.0
2017-05-03,-0.016094831005602106,-1,1,-1.0
2017-05-04,-0.0013869794888681627,-1,1,0.0
2017-05-05,0.0004081465956588177,-1,1,0.0
2017-05-08,-0.009017932534638276,-1,-1,-1.0
2017-05-09,0.002467512256678818,1,-1,-1.0
2017-05-10,0.0044261566880950615,-1,-1,0.0
2017-05-11,0.0028584282924305183,-1,1,0.0
2017-05-12,0.0019553733504766723,-1,1,-1.0
2017-05-15,0.005195680203699949,-1,1,-1.0
2017-05-16,0.018054652911816706,-1,1,-1.0
2017-05-17,-0.0046230346493643755,1,1,0.0
2017-05-18,0.000798594547308718,1,1,0.0
2017-05-19,0.00636590063442143,1,1,0.0
2017-05-22,-0.004690847276663877,1,1,0.0
2017-05-23,-0.0019145062835238531,1,1,0.0
2017-05-24,0.0027111286160230396,1,1,1.0
2017-05-25,0.009352470994601849,1,1,1.0
2017-05-26,-0.0043483486361126054,1,1,1.0
2017-05-30,0.007813483979482729,1,1,1.0
2017-05-31,-0.003938563578928373,1,1,1.0
2017-06-01,0.007705084616983541,1,1,0.0
2017-06-02,0.0019561055527115654,1,1,0.0
2017-06-05,0.011734194674689481,1,1,1.0
2017-06-06,-0.0033275703585958936,1,-1,1.0
2017-06-07,-0.01075441056072261,1,-1,1.0
2017-06-08,-0.0061302052068687345,1,1,0.0
2017-06-09,-0.00189380979601569,1,-1,0.0
2017-06-12,-0.0002369183272036132,1,1,0.0
2017-06-13,0.0055148644702221845,-1,1,0.0
2017-06-14,-0.016317271069001,-1,-1,0.0
2017-06-15,0.0014364768755273823,-1,-1,0.0
2017-06-16,-0.007845728356542297,-1,-1,0.0
2017-06-19,-0.002575207631716499,-1,-1,0.0
2017-06-20,0.0019320762655520435,-1,-1,0.0
2017-06-21,0.003372103694666421,-1,-1,0.0
2017-06-22,0.0068695659857476036,-1,1,0.0
2017-06-23,-0.00791205113977467,-1,-1,0.0
2017-06-26,8.021469334752496e-05,-1,-1,0.0
2017-06-27,0.0012828542252268432,-1,-1,0.0
2017-06-28,-0.003049556093049251,-1,1,0.0
2017-06-29,-0.002817016742802062,-1,1,0.0
2017-06-30,-0.018547612954424916,-1,1,-1.0
2017-07-03,0.0020506097083853696,-1,1,0.0
2017-07-05,0.001473779662321924,-1,1,0.0
2017-07-06,-0.011189828782629333,-1,1,0.0
2017-07-07,0.0028917276073374782,1,-1,0.0
2017-07-10,0.0012367565827513586,-1,1,0.0
2017-07-11,0.0037011187459087707,-1,1,0.0
2017-07-12,-0.0014787438939784538,-1,1,-1.0
2017-07-13,0.008432590518839307,-1,1,-1.0
2017-07-14,0.005041950325371254,-1,1,-1.0
2017-07-17,0.006710018850761259,1,1,0.0
2017-07-18,8.055077060915145e-05,1,1,0.0
2017-07-19,0.0028962994150305284,1,1,0.0
2017-07-20,0.00760277330940865,1,1,0.0
2017-07-21,-0.0003189732922199768,1,1,0.0
2017-07-24,-0.001756125342464039,1,1,0.0
2017-07-25,-0.0021593571989522043,1,1,0.0
2017-07-26,0.008450959718898568,1,1,0.0
2017-07-27,0.0069620920676366025,1,-1,0.0
2017-07-28,-0.0014201571050572992,1,1,0.0
2017-07-31,0.004725906807239984,1,1,0.0
2017-08-01,-0.0006287743880614377,1,-1,0.0
2017-08-02,-0.003150104862108906,1,1,1.0
2017-08-03,-0.0075215109613676855,1,-1,1.0
2017-08-04,-7.955307474891721e-05,1,-1,0.0
2017-08-07,-0.0014315812317578045,1,1,0.0
2017-08-08,0.013125811461155778,1,1,0.0
2017-08-09,0.008370175496451656,1,1,0.0
2017-08-10,0.003111148307012124,1,1,0.0
2017-08-11,-0.0027217250231354575,1,1,1.0
2017-08-14,-0.008209906077677841,1,-1,0.0
2017-08-15,0.0025092722903703076,1,-1,0.0
2017-08-16,0.007412353852867797,1,1,0.0
2017-08-17,-0.0005443592909452205,1,1,1.0
2017-08-18,0.003958939893256818,1,-1,0.0
2017-08-21,-0.004425701690303351,1,-1,0.0
2017-08-22,0.0029526430372122,1,-1,0.0
2017-08-23,-0.0018638076307166027,1,-1,1.0
2017-08-24,0.004652974660785244,1,-1,1.0
2017-08-25,0.013219738670856719,1,-1,1.0
2017-08-28,0.002592669218827388,-1,-1,1.0
2017-08-29,-0.003815051241845523,-1,-1,1.0
2017-08-30,0.006173075893794918,1,-1,1.0
2017-08-31,0.006286269787906836,-1,-1,0.0
2017-09-01,0.011037354562418965,-1,-1,0.0
2017-09-05,-0.003965383824776996,-1,-1,1.0
2017-09-06,0.008361341114399392,-1,-1,1.0
2017-09-07,0.0006688896405072527,-1,-1,0.0
2017-09-08,-0.011206691809561442,-1,-1,0.0
2017-09-11,-0.002256488358732504,1,-1,1.0
2017-09-12,-0.003469850010435886,1,-1,1.0
2017-09-13,0.000981780804511102,-1,-1,1.0
2017-09-14,-0.0032512423615178305,-1,-1,0.0
2017-09-15,-0.010735988597467801,-1,-1,0.0
2017-09-18,-7.662978472650562e-05,-1,-1,1.0
2017-09-19,0.004430569417291893,-1,-1,0.0
2017-09-20,-0.01644548291912643,-1,-1,1.0
2017-09-21,0.0020899215909679653,-1,-1,0.0
2017-09-22,0.010384308915688903,-1,-1,0.0
2017-09-25,-0.007527532775120786,-1,-1,0.0
2017-09-26,-0.0105410799770725,-1,-1,0.0
2017-09-27,0.0016349223665728455,-1,-1,1.0
2017-09-28,-0.0031164809018184073,-1,-1,1.0
2017-09-29,-0.006890677171902543,-1,-1,-1.0
2017-10-02,-0.0009432837700489293,-1,-1,-1.0
2017-10-03,0.0017287063978827545,-1,-1,0.0
2017-10-04,-0.0029878358398845554,-1,-1,0.0
2017-10-05,0.0013377544169920026,-1,-1,-1.0
2017-10-06,0.007989447326364975,-1,-1,-1.0
2017-10-09,0.006841829421378427,-1,-1,-1.0
2017-10-10,-0.003726076902423367,-1,-1,1.0
2017-10-11,0.005815998493391344,-1,-1,-1.0
2017-10-12,0.006320316258744202,1,-1,0.0
2017-10-13,-0.0012300882391540026,1,-1,0.0
2017-10-16,-0.013086271579829653,1,-1,0.0
2017-10-17,-0.002419116678913994,1,-1,0.0
2017-10-18,0.005454275534116093,1,1,0.0
2017-10-19,-0.007409463231041783,1,1,0.0
2017-10-20,0.00023476714183852992,1,1,-1.0
2017-10-23,-0.0021153697891088514,-1,1,-1.0
2017-10-24,0.000313695430923488,-1,1,-1.0
2017-10-25,-0.007160573007206216,-1,1,-1.0
2017-10-26,0.0017357990230928244,-1,1,-1.0
2017-10-27,0.004404927786188189,-1,1,-1.0
2017-10-30,-0.005588126504385657,-1,1,-1.0
2017-10-31,0.005588126504385709,-1,1,-1.0
2017-11-01,0.0006277354683380319,-1,1,-1.0
2017-11-02,-0.006610572852132713,-1,1,-1.0
2017-11-03,0.010134046656738413,-1,1,-1.0
2017-11-06,-0.004465224838411223,1,1,-1.0
2017-11-07,0.006183266004363352,1,-1,0.0
2017-11-08,0.0031162381684789577,1,1,0.0
2017-11-09,-0.010320616370498838,1,1,0.0
2017-11-10,0.0038436132139390324,1,1,0.0
2017-11-13,0.0032827535277863674,1,1,0.0
2017-11-14,-0.003909309122587321,1,1,1.0
2017-11-15,0.0007048235582582072,1,-1,0.0
2017-11-16,0.01430152145789673,1,1,0.0
2017-11-17,-0.016495917971793554,1,1,0.0
2017-11-20,0.005086680079378604,1,1,0.0
2017-11-21,0.008162676176655977,1,1,0.0
2017-11-22,-0.0038009777393278247,1,1,0.0
2017-11-24,0.00550289910736466,1,1,0.0
2017-11-27,0.000695308000776598,1,1,0.0
2017-11-28,-0.009779630834338625,1,1,0.0
2017-11-29,-0.00696596145918346,1,1,0.0
2017-11-30,0.004388798311228533,1,1,0.0
2017-12-01,-0.0035251298326162196,-1,-1,0.0
2017-12-04,-0.010016309238676628,-1,-1,-1.0
2017-12-05,0.000950779053228449,-1,-1,-1.0
2017-12-06,-0.010347938786658826,-1,-1,-1.0
2017-12-07,-0.003687457209357425,-1,-1,-1.0
2017-12-08,-0.0012053519550518667,-1,-1,-1.0
2017-12-11,-0.004189798469908035,-1,-1,-1.0
2017-12-12,0.005555813112327661,-1,-1,-1.0
2017-12-13,0.006722195742235451,-1,-1,0.0
2017-12-14,0.00039870817523665717,-1,-1,0.0
2017-12-15,0.006278504505989414,-1,1,0.0
2017-12-18,-0.001189107958943395,-1,-1,0.0
2017-12-19,0.004274206737060993,1,1,-1.0
2017-12-20,0.0009474013739520169,1,-1,0.0
2017-12-21,0.006371182406177087,1,-1,0.0
2017-12-22,0.006798190801191451,1,-1,0.0
2017-12-26,0.002255863771485303,1,-1,1.0
2017-12-27,0.005501525365828419,1,-1,0.0
2017-12-28,0.009383296909513904,1,-1,0.0
2017-12-29,0.005648795435594413,1,-1,1.0
2018-01-02,0.0019012136171542553,-1,-1,0.0
2018-01-03,0.0024283463684654956,-1,1,0.0
2018-01-04,0.0006819141750703172,-1,-1,1.0
2018-01-05,-0.0012884713036933884,-1,-1,0.0
2018-01-08,-0.005246580568031189,-1,1,0.0
2018-01-09,0.004336147142567866,1,-1,1.0
2018-01-10,0.002426044534775419,1,-1,1.0
2018-01-11,0.009645929220218629,1,-1,1.0
2018-01-12,0.0014988012123869202,-1,-1,1.0
2018-01-16,0.0019450709821960197,-1,-1,1.0
2018-01-17,-0.009009069942365968,-1,-1,1.0
2018-01-18,0.004439620791428774,1,1,0.0
2018-01-19,-0.0007510891007015731,1,1,0.0
2018-01-22,0.003600038990317503,1,1,0.0
2018-01-23,0.015009996047209607,1,-1,0.0
2018-01-24,0.0047824097943095206,-1,-1,0.0
2018-01-25,-0.007958810491319437,-1,-1,0.0
2018-01-26,-0.012058167071074382,1,-1,0.0
2018-01-30,0.0026921759851948287,1,-1,0.0
2018-01-31,0.003950401091376265,-1,-1,0.0
2018-02-01,-0.007916469765226359,-1,-1,0.0
2018-02-02,-0.0005249568386138391,-1,-1,0.0
2018-02-05,-0.005189755905578952,-1,-1,0.0
2018-02-06,-0.010994537916590984,-1,-1,0.0
2018-02-07,0.0040327608986760796,-1,1,0.0
2018-02-08,-0.002889772982946634,-1,-1,0.0
2018-02-09,0.008417731344798464,-1,-1,0.0
2018-02-12,0.002940864406439292,-1,1,0.0
2018-02-13,0.020421058915214334,-1,1,0.0
2018-02-14,-0.002511468630411128,-1,-1,0.0
2018-02-15,0.0008132005147932578,-1,1,0.0
2018-02-16,-0.018195805777987704,1,-1,0.0
2018-02-20,0.0009026261706847339,-1,-1,0.0
2018-02-21,0.00045100774382701627,-1,1,1.0
2018-02-22,-0.001805344615643647,-1,1,0.0
2018-02-23,0.0018804775121498492,-1,1,1.0
2018-02-26,-0.011488261375785172,-1,1,0.0
2018-02-27,0.0,-1,-1,0.0
2018-02-28,-0.009624253533214297,-1,1,0.0
2018-03-01,0.013872136457073265,-1,-1,0.0
2018-03-02,-0.0022734172079491807,-1,1,0.0
2018-03-05,0.011690746933441305,-1,1,0.0
2018-03-06,-0.005715142383890748,-1,-1,0.0
2018-03-07,-0.004610897113995902,-1,-1,0.0
2018-03-08,0.0018922913369371754,-1,1,0.0
2018-03-09,-0.0022711796760658443,-1,1,0.0
2018-03-12,0.004914386241190294,-1,1,0.0
2018-03-13,-0.001131947426727324,-1,1,0.0
2018-03-14,-0.0057549571034445565,-1,1,0.0
2018-03-15,-0.004185539229898073,-1,1,0.0
2018-03-16,0.00418553922989804,-1,1,0.0
2018-03-19,-0.004338127119398508,-1,-1,0.0
2018-03-20,0.007295401194057268,-1,1,-1.0
2018-03-21,0.0044573976096106815,-1,1,-1.0
2018-03-22,0.016966715936515404,1,1,0.0
2018-03-23,0.003772594220179005,1,-1,0.0
2018-03-26,-0.00971924053303923,1,-1,1.0
2018-03-27,-0.012830862694559693,1,1,1.0
2018-03-28,-0.0010577275967254573,1,-1,0.0
2018-03-29,0.014484794192477413,1,1,0.0
2018-04-02,-0.006953504164492984,1,-1,0.0
2018-04-03,0.002248370796679207,1,-1,0.0
2018-04-04,-0.008646345041192702,1,-1,0.0
2018-04-05,0.005722457733424547,1,-1,0.0
2018-04-06,0.003298124789570669,1,1,0.0
2018-04-09,0.004256401204819836,1,-1,0.0
2018-04-10,0.01074681456735932,1,-1,0.0
2018-04-11,-0.013432964185142135,1,-1,0.0
2018-04-12,0.0047704504893987506,1,-1,0.0
2018-04-13,0.002005684379909184,1,-1,0.0
2018-04-16,-0.00022269553924516243,1,-1,0.0
2018-04-17,0.0029647221128227827,1,-1,0.0
2018-04-18,-0.0032616058148920136,1,-1,0.0
2018-04-19,-0.007527591093269497,1,-1,0.0
2018-04-20,-0.010679968716113873,1,-1,0.0
2018-04-23,0.006707153771284317,-1,-1,0.0
2018-04-24,-0.007690660944510987,-1,1,0.0
2018-04-25,-0.003715570032884322,-1,1,0.0
2018-04-26,0.0030342129414097896,-1,1,0.0
2018-04-27,-0.003110260543535764,-1,1,0.0
2018-04-30,-0.009465644983154229,-1,1,0.0
2018-05-01,-0.0009208665713252698,-1,1,0.0
2018-05-02,0.00619906000228972,-1,1,-1.0
2018-05-03,0.0015247392406204264,-1,1,0.0
2018-05-04,-0.0003809669127580398,-1,1,-1.0
2018-05-07,-0.00015239019585577444,-1,1,-1.0
2018-05-08,-0.0005336417302308635,-1,1,0.0
2018-05-09,0.007218601800712527,-1,1,0.0
2018-05-10,-0.0013637768572015564,-1,1,0.0
2018-05-11,-0.0018971737809504907,1,1,0.0
2018-05-14,-0.021187539583848607,1,1,0.0
2018-05-15,0.001008046900233056,-1,1,-1.0
2018-05-16,-0.0015513500441079692,-1,1,-1.0
2018-05-17,0.0015513500441079395,-1,1,-1.0
2018-05-18,0.0,-1,-1,-1.0
2018-05-21,0.0011619351837768423,-1,1,-1.0
2018-05-22,-0.0018596691479237644,-1,1,-1.0
2018-05-23,0.011106864926633073,-1,1,-1.0
2018-05-24,-0.0003067912135685513,-1,1,-1.0
2018-05-25,-0.0035358204833160823,1,1,-1.0
2018-05-29,0.002153718916270126,1,1,-1.0
2018-05-30,-0.0010762796451007667,1,1,-1.0
2018-05-31,-0.004084885026490751,1,1,-1.0
2018-06-01,-0.0013138633414813785,1,1,-1.0
2018-06-04,0.0033969186184965657,1,1,-1.0
2018-06-05,-0.00030835151545212326,1,-1,-1.0
2018-06-06,0.001232741993758485,1,1,-1.0
2018-06-07,-0.0004620884269374544,1,-1,-1.0
2018-06-08,0.0006161331177777786,1,1,-1.0
2018-06-11,-0.0029298778307513215,1,-1,-1.0
2018-06-12,0.0013889267881947254,1,1,0.0
2018-06-13,0.005459643319964293,1,-1,-1.0
2018-06-14,-0.022804078760698156,1,1,0.0
2018-06-15,0.0012544894477869528,-1,-1,0.0
2018-06-18,-0.0004702371770622632,-1,1,0.0
2018-06-19,-0.0034553391851679326,-1,-1,-1.0
2018-06-20,-0.003151594283591868,-1,1,-1.0
2018-06-21,0.00015787362465893563,1,1,-1.0
2018-06-22,-0.0014212784296392148,-1,1,0.0
2018-06-25,-0.007136657182704904,1,1,-1.0
2018-06-26,-0.003028556328446318,1,1,0.0
2018-06-27,-0.003999045403677075,1,1,0.0
2018-06-28,0.00280101008486938,1,1,-1.0
2018-06-29,-0.009232934241235006,1,1,0.0
2018-07-02,0.009472597636754327,1,1,0.0
2018-07-03,0.004543890146389284,-1,1,0.0
2018-07-05,-0.0023889164756203734,-1,1,-1.0
2018-07-06,0.003024939992368851,-1,1,-1.0
2018-07-09,-0.0034236481676053563,1,1,-1.0
2018-07-10,-0.008812040976282251,1,1,-1.0
2018-07-11,0.0017685920911130215,1,1,-1.0
2018-07-12,-0.004346802680328338,1,1,-1.0
2018-07-13,-0.0012108005108086726,-1,-1,-1.0
2018-07-16,-0.010065857197482181,-1,1,0.0
2018-07-17,0.0004894760752293569,1,1,0.0
2018-07-18,-0.00318538620092535,1,1,0.0
2018-07-19,0.005791423271754504,1,-1,-1.0
2018-07-20,-0.004483398583975911,-1,-1,-1.0
2018-07-23,-8.16827362195705e-05,-1,-1,-1.0
2018-07-24,0.006109251967322684,-1,-1,0.0
2018-07-25,-0.004966001498039611,1,-1,0.0
2018-07-26,-0.0022060331796797134,1,-1,-1.0
2018-07-27,-0.0010638134681618262,1,-1,-1.0
2018-07-30,0.001963110932089534,1,-1,-1.0
2018-07-31,-0.004750931950486037,1,-1,-1.0
2018-08-01,-0.006011999848421064,1,-1,0.0
2018-08-02,0.002969299191421566,1,-1,0.0
2018-08-03,-0.0046227387549226465,1,-1,0.0
2018-08-06,0.0008270615145103922,1,-1,0.0
2018-08-07,0.0024770882622964334,1,-1,-1.0
2018-08-08,-0.0005773983842617266,1,-1,-1.0
2018-08-09,-0.0006603787513001009,1,-1,0.0
2018-08-10,-0.01648382857584301,1,-1,0.0
2018-08-13,0.0014259543053397558,1,-1,0.0
2018-08-14,-0.013077596207343322,1,-1,0.0
2018-08-15,-0.0011046853781724766,1,-1,-1.0
2018-08-16,0.0002550676550167926,1,1,-1.0
2018-08-17,0.008716721391922366,1,-1,-1.0
2018-08-20,0.0048751266583741855,-1,1,-1.0
2018-08-21,0.0030977237750973805,-1,-1,-1.0
2018-08-22,-0.0078043853831430325,1,1,-1.0
2018-08-23,0.01612874843926602,1,-1,-1.0
2018-08-24,0.0022357075658587097,1,1,-1.0
2018-08-27,-0.001324264032107223,1,-1,-1.0
2018-08-28,-0.002404764527759338,1,-1,-1.0
2018-08-29,-0.0056615328697090395,1,1,-1.0
2018-08-30,0.0021685560260155255,1,-1,-1.0
2018-08-31,-0.006351962565760579,1,-1,-1.0
2018-09-04,0.0018429166421238857,1,-1,-1.0
2018-09-05,0.002507523830407757,1,-1,-1.0
2018-09-06,-0.003596114122648065,1,-1,-1.0
2018-09-07,-0.0005027868974392518,1,-1,0.0
2018-09-10,0.0020097347155790214,1,1,0.0
2018-09-11,0.0077496549279547884,1,1,0.0
2018-09-12,-0.002243696646296927,1,-1,0.0
2018-09-13,-0.005840650729541842,1,1,0.0
2018-09-14,0.003925299454991307,1,-1,0.0
2018-09-17,-0.0024201158014890986,1,-1,0.0
2018-09-18,0.004501801970305429,1,1,0.0
2018-09-19,0.003321710546514391,1,-1,1.0
2018-09-20,-0.008325056744842725,1,-1,1.0
2018-09-21,0.0025882691604381183,1,-1,0.0
2018-09-24,0.0005834628245632641,1,-1,0.0
2018-09-25,-0.005012541823544286,1,-1,1.0
2018-09-26,-0.009847279784212154,1,-1,0.0
2018-09-27,0.007751282370461494,-1,-1,0.0
2018-09-28,-0.0036996800454468406,-1,-1,0.0
2018-10-01,0.01280624224985772,-1,-1,0.0
2018-10-02,-0.0034156533069074047,1,-1,0.0
2018-10-03,-0.0009184702430270636,1,-1,0.0
2018-10-04,0.003335560266446415,1,-1,0.0
2018-10-05,-0.014084678619262271,1,-1,1.0
2018-10-08,0.0023612144438462214,1,-1,0.0
2018-10-09,0.0017673875050836347,-1,-1,0.0
2018-10-10,0.02835066409333902,-1,-1,0.0
2018-10-11,-0.004423356219554005,1,-1,0.0
2018-10-12,0.006790820801527913,1,1,0.0
2018-10-15,0.0007336059237572539,1,-1,1.0
2018-10-16,-0.002937658298874482,1,-1,1.0
2018-10-17,0.002285568608961214,1,-1,1.0
2018-10-18,-0.0009788328932091772,1,-1,0.0
2018-10-19,-0.0033518099283377867,1,-1,0.0
2018-10-22,0.009940661474511047,1,-1,0.0
2018-10-23,-0.004550613589319168,1,-1,0.0
2018-10-24,0.0010581845953804216,1,1,0.0
2018-10-25,0.002762452559275811,1,1,1.0
2018-10-26,-0.006512029524622742,1,-1,1.0
2018-10-29,-0.0015528787665673905,1,1,0.0
2018-10-30,-0.008460296595855924,1,1,0.0
2018-10-31,0.019360936987837057,-1,1,0.0
2018-11-01,-0.004134730067067751,-1,-1,0.0
2018-11-02,-0.0008940347270811313,-1,-1,0.0
2018-11-05,-0.0048907822962693795,-1,-1,0.0
2018-11-06,0.001959104580683226,-1,1,0.0
2018-11-07,-0.0026948093485058135,-1,-1,0.0
2018-11-08,-0.013584368668582848,-1,-1,0.0
2018-11-09,-0.004236394117412716,-1,-1,0.0
2018-11-12,-0.0017497173022614182,-1,-1,0.0
2018-11-13,0.007228707752084227,-1,-1,-1.0
2018-11-14,0.004048441325541188,-1,-1,-1.0
2018-11-15,0.0065746453782541325,-1,1,0.0
2018-11-16,0.001882178005493029,-1,-1,0.0
2018-11-19,-0.0033577490512391004,-1,-1,0.0
2018-11-20,0.005562881404039089,-1,-1,0.0
2018-11-21,-0.0039235367746059515,-1,1,1.0
2018-11-23,-0.0006554554094466516,1,-1,1.0
2018-11-26,-0.007403176331916226,1,1,0.0
2018-11-27,0.008386198408281134,-1,-1,0.0
2018-11-28,0.002208098359343363,-1,-1,0.0
2018-11-29,-0.0031911204357085257,1,-1,1.0
2018-11-30,0.011165164989324806,1,-1,0.0
2018-12-03,0.005818158773582782,1,-1,0.0
2018-12-04,-0.0024201367564945673,1,-1,0.0
2018-12-06,0.0070023813482669945,1,-1,0.0
2018-12-07,-0.0024895396566155777,1,-1,1.0
2018-12-10,-0.0014482837866976904,1,-1,1.0
2018-12-11,0.0020110210300008265,1,-1,0.0
2018-12-12,-0.0013671131226424276,1,-1,0.0
2018-12-13,-0.00459729912749512,1,-1,0.0
2018-12-14,0.008372311271493809,1,-1,0.0
2018-12-17,0.0014419026574249351,1,-1,1.0
2018-12-18,0.0023188148550025403,1,-1,1.0
2018-12-19,0.009142648430483463,1,1,1.0
2018-12-20,-0.0077857918229155085,1,1,0.0
2018-12-21,0.010867477681360828,1,1,0.0
2018-12-24,0.001340285772125058,1,1,1.0
2018-12-26,0.006361771038876295,1,1,1.0
2018-12-27,0.0020334556603831245,-1,-1,1.0
2018-12-28,-0.0012508605650431678,-1,1,1.0
2018-12-31,0.002109914525054996,1,1,0.0
2019-01-02,0.008395609500155037,-1,1,0.0
2019-01-03,-0.007069439157760669,-1,-1,1.0
2019-01-04,0.0031913610711298765,1,1,0.0
2019-01-07,-0.0028016342498520465,1,1,0.0
2019-01-08,0.0047425532281951755,1,1,1.0
2019-01-09,-0.0035742832584524176,1,1,1.0
2019-01-10,0.0018664166569111902,1,-1,1.0
2019-01-11,0.0015526748231558635,1,-1,0.0
2019-01-14,-0.0022521847725428135,-1,-1,0.0
2019-01-15,0.004189644244261605,-1,1,0.0
2019-01-16,-0.0004646291352922488,-1,-1,0.0
2019-01-17,-0.007541886222843759,-1,-1,1.0
2019-01-18,0.00093607242112592,-1,1,0.0
2019-01-22,0.0004677078286435974,-1,-1,1.0
2019-01-23,-0.003122319355127618,-1,-1,0.0
2019-01-24,0.01420559407819777,-1,-1,0.0
2019-01-25,0.0038464543970783884,-1,1,0.0
2019-01-28,0.0044433742087311885,-1,-1,0.0
2019-01-29,0.0012987078392666725,1,1,0.0
2019-01-30,0.007453583981655651,-1,-1,0.0
2019-01-31,-0.002123892768155545,-1,-1,0.0
2019-02-01,-0.0019762666158226303,-1,-1,0.0
2019-02-04,-7.616332988273438e-05,1,-1,1.0
2019-02-05,-0.0035826933617428332,1,-1,0.0
2019-02-06,-7.634929554701608e-05,1,-1,0.0
2019-02-07,0.0032785106548437006,-1,-1,1.0
2019-02-08,-0.005113111682841348,-1,-1,1.0
2019-02-11,0.001681791706648733,-1,1,1.0
2019-02-12,0.001221448744417649,-1,-1,1.0
2019-02-13,-0.0007631840122664169,-1,-1,1.0
2019-02-14,0.0063167961332353875,-1,-1,1.0
2019-02-15,0.01655293261183519,-1,-1,1.0
2019-02-19,0.002385089610256545,-1,-1,0.0
2019-02-20,-0.014849566751193068,-1,-1,0.0
2019-02-21,0.004297478078310308,1,1,0.0
2019-02-22,-0.0024857282115930447,1,-1,0.0
2019-02-25,-0.0006035826876001255,1,-1,1.0
2019-02-26,-0.005600154350637701,-1,-1,1.0
2019-02-27,-0.00372545752587554,-1,1,1.0
2019-02-28,-0.01257108687016906,-1,1,0.0
2019-03-01,-0.008988108902638492,-1,-1,0.0
2019-03-04,-0.0021817437163371535,-1,-1,-1.0
2019-03-05,0.00225955480956854,-1,-1,-1.0
2019-03-06,-0.0008564453784477475,-1,1,-1.0
2019-03-07,0.010229437404707756,-1,1,-1.0
2019-03-08,-0.0063423145671770475,-1,-1,-1.0
2019-03-11,0.0058024995240326446,-1,1,0.0
2019-03-12,0.008602826665778341,-1,-1,-1.0
2019-03-13,-0.01084248805070627,-1,-1,0.0
2019-03-14,0.006473530758076257,-1,1,-1.0
2019-03-15,-0.0011529150377441156,-1,1,0.0
2019-03-18,0.0036079961480897727,-1,1,0.0
2019-03-19,-0.0034542348680875576,-1,1,-1.0
2019-03-20,0.004296773002431159,1,1,0.0
2019-03-21,0.0042021684654013165,1,-1,0.0
2019-03-22,0.007822366697732926,1,-1,-1.0
2019-03-25,-0.005765872414879459,1,-1,1.0
2019-03-26,-0.0033534245976774187,1,-1,0.0
2019-03-27,-0.015463611608309486,1,1,0.0
2019-03-28,0.002477894338452264,1,1,0.0
2019-03-29,-0.0035639423656812787,-1,1,0.0
2019-04-01,0.0012410609495414877,-1,1,0.0
2019-04-02,-7.750345753043755e-05,-1,1,-1.0
2019-04-03,-0.0006979909589999726,-1,1,0.0
2019-04-04,0.0010855427915747453,-1,1,0.0
2019-04-05,0.005178717793829374,-1,-1,-1.0
2019-04-08,0.004921969848964953,-1,-1,0.0
2019-04-09,0.004286905162995197,-1,-1,0.0
2019-04-10,-0.015783520778201384,1,-1,0.0
2019-04-11,0.0015508688265574986,1,-1,0.0
2019-04-12,-0.002948653274649578,-1,1,0.0
2019-04-15,-0.011096521695962844,-1,1,0.0
2019-04-16,-0.00031438575044829805,-1,-1,-1.0
2019-04-17,-0.00023578221145405452,-1,1,0.0
2019-04-18,0.0012571507671187557,-1,1,0.0
2019-04-22,-0.0033034095568352825,-1,1,0.0
2019-04-23,0.004872652719189608,-1,1,0.0
2019-04-24,0.00023521249854262027,-1,1,-1.0
2019-04-25,0.0071074422097751645,-1,1,-1.0
2019-04-26,-0.004915203051928451,-1,1,0.0
2019-04-29,0.0032795166444519316,-1,1,0.0
2019-04-30,-0.001091977625138958,1,1,0.0
2019-05-01,-0.009172635638250213,1,1,0.0
2019-05-02,0.007454230729596022,1,1,-1.0
2019-05-03,0.0019524392904874438,1,1,0.0
2019-05-06,0.001403437671793296,1,1,-1.0
2019-05-07,-0.003199484212726764,1,1,0.0
2019-05-08,0.0031994842127267375,1,1,0.0
2019-05-09,0.0017125578011547432,1,1,0.0
2019-05-10,0.011137886677169313,1,1,0.0
2019-05-13,-0.004162195438771078,1,-1,0.0
2019-05-14,0.0012351199225512385,1,1,0.0
2019-05-15,-0.008755371943979367,1,-1,0.0
2019-05-16,-0.00820477351315001,1,1,0.0
2019-05-17,0.0012545877919818633,1,1,0.0
2019-05-20,-0.003218067708084531,1,1,-1.0
2019-05-21,0.0012570520207180209,-1,-1,-1.0
2019-05-22,0.00875558527616713,-1,-1,0.0
2019-05-23,-0.0014020165813160776,-1,1,0.0
2019-05-24,-0.005079127934097918,-1,1,0.0
2019-05-28,0.0032067413386132966,-1,1,0.0
2019-05-29,0.005062907666908317,-1,1,0.0
2019-05-30,0.014424310458736921,1,1,0.0
2019-05-31,0.012859147970708999,1,-1,0.0
2019-06-03,0.0005291359094371339,1,-1,0.0
2019-06-04,0.003695764872375826,1,-1,0.0
2019-06-05,0.006976979179977753,-1,-1,0.0
2019-06-06,0.0026877541074792105,-1,-1,0.0
2019-06-07,-0.012378717355321674,-1,-1,1.0
2019-06-10,0.001282541956835377,1,-1,0.0
2019-06-11,0.004137988749946852,1,-1,0.0
2019-06-12,0.0054658717373067345,1,-1,1.0
2019-06-13,0.0006718355335490992,1,-1,1.0
2019-06-14,-0.0010452624905258059,1,-1,1.0
2019-06-17,0.005883921663461859,1,-1,0.0
2019-06-18,-0.001486326103211523,-1,-1,1.0
2019-06-19,0.03529136934367409,1,-1,1.0
2019-06-20,0.0023663033426528273,-1,-1,1.0
2019-06-21,0.012880517986897823,-1,-1,1.0
2019-06-24,0.00042413090583868053,-1,-1,1.0
2019-06-25,-0.002335078951077535,-1,-1,1.0
2019-06-26,-0.0022694698902970736,-1,-1,1.0
2019-06-27,0.0009225555241278228,-1,-1,1.0
2019-06-28,-0.017243639951311836,-1,-1,1.0
2019-07-01,0.013619306155092862,1,1,1.0
2019-07-02,0.009283258338381215,1,-1,1.0
2019-07-03,-0.014923529329707681,-1,-1,1.0
2019-07-05,0.00021480390487373257,-1,1,1.0
2019-07-08,0.0003578457722924877,-1,1,1.0
2019-07-09,0.008975680500219938,-1,1,1.0
2019-07-10,-0.0041216137849031005,-1,1,1.0
2019-07-11,0.0039798044429101,-1,1,1.0
2019-07-12,0.0010633396770111903,-1,1,1.0
2019-07-15,-0.001560004046945811,-1,1,1.0
2019-07-16,0.008549847281970965,-1,1,1.0
2019-07-17,0.0033714485237431127,-1,1,1.0
2019-07-18,-0.0007014590755676152,-1,1,1.0
2019-07-19,0.00014038257143025957,-1,1,1.0
2019-07-22,-0.003655077659947234,-1,1,1.0
2019-07-23,0.001899520933457056,-1,1,1.0
2019-07-24,-0.006274934527660716,-1,1,0.0
2019-07-25,0.003248114383933726,-1,1,0.0
2019-07-26,0.0007751493255889368,-1,1,0.0
2019-07-29,0.00708947330791591,-1,1,1.0
2019-07-30,-0.0025211692591502522,-1,1,1.0
2019-07-31,-0.003652937797119556,-1,1,1.0
2019-08-01,0.0172339525633451,-1,1,0.0
2019-08-02,0.013057707568042691,-1,1,0.0
2019-08-05,0.0053115881284716455,-1,1,1.0
2019-08-06,0.023426264124913006,-1,1,1.0
2019-08-07,-0.006389437814637304,-1,1,1.0
2019-08-08,-0.000734713063036057,-1,1,1.0
2019-08-09,0.005796393970688471,-1,1,1.0
2019-08-12,-0.0020615785564280236,-1,1,1.0
2019-08-13,0.009078670323797037,-1,1,1.0
2019-08-14,0.0024377881760616533,-1,1,1.0
2019-08-15,-0.004683215342362713,-1,1,1.0
2019-08-16,-0.008032155425561887,-1,1,1.0
2019-08-19,0.0027953104204053326,1,1,1.0
2019-08-20,0.0,1,1,1.0
2019-08-21,-0.0048635471453845345,-1,1,1.0
2019-08-22,0.019379505617472023,-1,1,1.0
2019-08-23,-0.00019648645968019812,-1,1,1.0
2019-08-26,0.009585018407868445,-1,1,1.0
2019-08-27,-0.002078700970101249,-1,1,1.0
2019-08-28,-0.007375322175081968,-1,1,1.0
2019-08-29,-0.004859495032714913,-1,1,1.0
2019-08-30,0.017488242652852915,-1,1,1.0
2019-09-03,0.0028422112731653843,-1,1,1.0
2019-09-04,-0.0227690454603242,-1,1,1.0
2019-09-05,-0.006089556358749777,-1,1,1.0
2019-09-06,-0.002659222501661612,-1,1,0.0
2019-09-09,-0.007953193028797172,-1,1,0.0
2019-09-10,0.0027473300929079327,-1,1,0.0
2019-09-11,0.00287322825901904,-1,1,0.0
2019-09-12,-0.005218052260891263,-1,1,0.0
2019-09-13,0.008149645086967567,-1,1,0.0
2019-09-16,0.0013296990407197322,-1,1,0.0
2019-09-17,0.0015933246639142726,-1,1,0.0
2019-09-18,-0.006054761178040599,-1,1,0.0
2019-09-19,0.005922114787613536,-1,1,0.0
2019-09-20,0.010821552218634716,-1,1,0.0
2019-09-23,0.005497771957127581,-1,1,0.0
2019-09-24,-0.01811226148683577,-1,1,0.0
2019-09-25,0.0019255837015005862,-1,1,0.0
2019-09-26,-0.0055877378688848015,-1,1,0.0
2019-09-27,-0.022532001013061617,-1,1,0.0
2019-09-30,0.011059616136638108,-1,1,0.0
2019-10-01,0.012739025777429712,-1,1,0.0
2019-10-02,0.004055705592803874,-1,1,0.0
2019-10-03,-0.0005973679771035407,-1,1,0.0
2019-10-04,-0.005659324852886079,-1,1,0.0
2019-10-07,-0.00033390097896368473,-1,1,0.0
2019-10-08,0.005926847590369729,-1,1,0.0
2019-10-09,-0.007531060731030875,-1,1,0.0
2019-10-10,-0.008127734184569402,-1,1,0.0
2019-10-11,0.006051659334595071,-1,1,0.0
2019-10-14,-0.00949724306442893,-1,1,0.0
2019-10-15,0.007013803030788963,-1,1,0.0
2019-10-16,0.0028856502644308848,-1,1,0.0
2019-10-17,-0.0027512835044978985,-1,1,0.0
2019-10-18,-0.0039048907125390424,-1,1,0.0
2019-10-21,-0.0004723681798664878,-1,1,-1.0
2019-10-22,0.005518975719105269,-1,1,0.0
2019-10-23,0.006022502044866212,-1,1,0.0
2019-10-24,0.00040019716452753957,1,1,0.0
2019-10-25,-0.006355599249558961,1,1,0.0
2019-10-28,-0.0020154524793497153,1,1,0.0
2019-10-29,0.004160767879948392,1,1,0.0
2019-10-30,0.012114954399792637,1,1,0.0
2019-10-31,-0.0022521201719947464,1,1,0.0
2019-11-01,0.0,1,1,0.0
2019-11-04,-0.018201754334461643,1,1,0.0
2019-11-05,0.0063277911200314285,1,1,0.0
2019-11-06,-0.017601321488917986,1,1,0.0
2019-11-07,-0.001982500969778094,-1,1,0.0
2019-11-08,-0.003976999709097086,-1,1,0.0
2019-11-11,-0.00233871646192102,-1,1,-1.0
2019-11-12,0.00658934076646455,-1,1,-1.0
2019-11-13,0.006886066178064791,-1,1,0.0
2019-11-14,-0.003062164177331961,-1,1,0.0
2019-11-15,0.0024504644323866277,-1,1,-1.0
2019-11-18,0.0016303409319782403,-1,1,0.0
2019-11-19,0.0,-1,1,0.0
2019-11-20,-0.006947360157733074,-1,1,0.0
2019-11-21,0.0,-1,1,0.0
2019-11-22,-0.004452519674764632,-1,1,-1.0
2019-11-25,0.0021945374432130837,-1,1,0.0
2019-11-26,-0.0043938174856029385,-1,1,0.0
2019-11-27,0.008359042281367265,-1,1,-1.0
2019-11-29,-0.0022541262526476727,-1,1,-1.0
2019-12-02,0.010814526309483834,1,1,0.0
2019-12-03,-0.0028453045693533395,1,1,0.0
2019-12-04,0.0019655192135956674,1,-1,0.0
2019-12-05,-0.01212552242517598,1,-1,0.0
2019-12-06,0.00013711159596173993,1,1,0.0
2019-12-09,0.0022587550109528006,1,1,0.0
2019-12-10,0.0046385136565482935,1,1,0.0
2019-12-11,-0.0018392248396021497,1,1,0.0
2019-12-12,0.006049724215781696,1,1,0.0
2019-12-13,-0.0004066804034237166,1,1,0.0
2019-12-16,-0.00027123977476679824,1,1,0.0
2019-12-17,-0.0013572206434196252,1,1,0.0
2019-12-18,0.0037955689629014283,1,1,0.0
2019-12-19,-0.002370552172288522,1,1,0.0
2019-12-20,0.005275305725533864,1,1,0.0
2019-12-23,0.011135059860575142,1,1,0.0
2019-12-24,0.006781087784430196,1,1,0.0
2019-12-26,0.0029770786135146807,1,1,0.0
2019-12-27,0.00046227333689126925,-1,-1,1.0
2019-12-30,0.003295981889555684,-1,-1,1.0
2019-12-31,0.0032851540714616823,-1,-1,1.0
2020-01-02,0.016072149694003442,-1,1,1.0
2020-01-03,0.010913635018349008,-1,1,1.0
2020-01-06,0.0035692183565126895,-1,1,0.0
2020-01-07,-0.009203710678121977,-1,-1,0.0
2020-01-08,-0.0036667071971181846,-1,-1,0.0
2020-01-09,0.0037308990396736773,1,-1,0.0
2020-01-10,-0.00585981619083129,-1,-1,1.0
2020-01-13,-0.003882494785876494,1,1,1.0
2020-01-14,0.006269176242541576,1,1,1.0
2020-01-15,-0.001999275510573253,1,1,1.0
2020-01-16,0.006306764371860662,1,1,0.0
2020-01-17,-0.0015408479920918832,1,1,1.0
2020-01-21,-0.0007069933514569245,-1,-1,0.0
2020-01-22,0.00596170020177131,-1,1,0.0
2020-01-23,0.004145810767128866,-1,1,0.0
2020-01-24,0.0036215123910229036,-1,1,0.0
2020-01-27,-0.004831603586278797,-1,1,0.0
2020-01-28,0.0003823495785668443,-1,-1,0.0
2020-01-29,0.00868933318130266,-1,-1,0.0
2020-01-30,-0.000378963863372795,-1,1,1.0
2020-01-31,-0.0036075310705902057,-1,1,0.0
2020-02-03,-0.017138114161285474,-1,1,0.0
2020-02-04,0.004761622946685296,-1,1,0.0
2020-02-05,0.0046751032672821095,-1,-1,0.0
2020-02-06,0.002233782116915276,-1,-1,0.0
2020-02-07,0.0038812607041441385,-1,-1,0.0
2020-02-10,-0.005795625430667941,-1,-1,1.0
2020-02-11,0.0011490897071122928,-1,1,0.0
2020-02-12,0.004900535612764321,-1,-1,0.0
2020-02-13,0.004813471680398959,-1,1,0.0
2020-02-14,0.010871410739791924,-1,-1,0.0
2020-02-18,0.004676547883901803,1,1,0.0
2020-02-19,0.005644986085864686,-1,-1,0.0
2020-02-20,0.01717201549417072,-1,-1,0.0
2020-02-21,0.01676255638881947,-1,1,0.0
2020-02-24,-0.015364987376213718,-1,1,1.0
2020-02-25,-0.004198505886171601,1,1,1.0
2020-02-26,0.0,1,-1,1.0
2020-02-27,-0.047385678747064744,1,1,1.0
2020-02-28,0.017868979456354687,-1,1,0.0
2020-03-02,0.030796353102671873,-1,1,0.0
2020-03-03,-0.0006091618212690988,-1,1,1.0
2020-03-04,0.01529889178860684,-1,1,1.0
2020-03-05,0.002636957249874577,1,1,1.0
2020-03-06,0.0022120303868409007,1,1,1.0
2020-03-09,-0.009239341300194449,1,1,1.0
2020-03-10,-0.010725720864527515,1,1,1.0
2020-03-11,-0.03225585264372553,1,1,1.0
2020-03-12,-0.047416352203101815,-1,1,0.0
2020-03-13,-0.019856680529920206,-1,1,0.0
2020-03-16,0.02590818443844778,-1,1,0.0
2020-03-17,-0.03171271975140128,-1,1,0.0
2020-03-18,0.0008795472315558977,-1,1,0.0
2020-03-19,0.0036454671159334207,-1,1,0.0
2020-03-20,0.05442181862869502,-1,1,0.0
2020-03-23,0.05777508425392426,-1,1,-1.0
2020-03-24,-0.016947954536260905,-1,-1,1.0
2020-03-25,0.010845784249569976,1,-1,0.0
2020-03-26,-0.016005198817997043,1,-1,1.0
2020-03-27,-0.0011707228298990415,1,1,0.0
2020-03-30,-0.02408550651926629,1,-1,-1.0
2020-03-31,-0.003289523008281446,1,1,0.0
2020-04-01,0.0296535360572285,1,-1,0.0
2020-04-02,0.00490888893936245,1,1,0.0
2020-04-03,0.02615913167880727,1,-1,1.0
2020-04-06,-0.007301457414060284,1,-1,1.0
2020-04-07,0.00036032405214913405,1,-1,1.0
2020-04-08,0.041633439372849586,1,-1,1.0
2020-04-09,0.004941175038212751,1,-1,1.0
2020-04-13,0.006797057351607868,1,-1,1.0
2020-04-14,-0.016935449293475353,1,-1,1.0
2020-04-15,-0.003944735829989091,1,-1,1.0
2020-04-16,-0.018301820946780283,1,-1,1.0
2020-04-17,0.007313955384594793,1,-1,1.0
2020-04-20,-0.013847209197883095,1,-1,0.0
2020-04-21,0.029647891342731346,1,-1,0.0
2020-04-22,0.0026574814347122173,1,1,0.0
2020-04-23,-0.005670027160958046,1,1,0.0
2020-04-24,-0.006753227914803885,1,-1,0.0
2020-04-27,-0.0008181536244567528,-1,-1,1.0
2020-04-28,-0.004159457378130776,-1,1,0.0
2020-04-29,-0.011335623435517613,-1,-1,0.0
2020-04-30,0.006097067443094948,-1,1,0.0
2020-05-01,0.007291162026340241,-1,-1,0.0
2020-05-04,-0.001465717123550518,-1,-1,0.0
2020-05-05,-0.011922512345884834,-1,1,0.0
2020-05-06,0.02207963897860998,-1,1,0.0
2020-05-07,-0.006935380050009182,-1,1,0.0
2020-05-08,-0.00857515842664911,-1,-1,0.0
2020-05-11,0.005353411843933332,-1,1,0.0
2020-05-12,0.0055583326933722026,-1,-1,0.0
2020-05-13,0.014021058879757815,-1,1,-1.0
2020-05-14,0.008764225555300193,-1,1,0.0
2020-05-15,-0.012395415869611638,1,1,0.0
2020-05-18,0.007134611589602911,1,-1,-1.0
2020-05-19,0.0036626025539089747,1,-1,0.0
2020-05-20,-0.01734362611469108,1,-1,0.0
2020-05-21,0.008161878938069567,-1,-1,0.0
2020-05-22,-0.017328994749641426,-1,1,1.0
2020-05-26,0.003220991829132791,-1,-1,-1.0
2020-05-27,0.001752541583290877,-1,-1,-1.0
2020-05-28,0.013680565277693138,-1,-1,0.0
2020-05-29,0.0005180443866920326,-1,-1,0.0
2020-06-01,-0.007277016031962099,-1,-1,1.0
2020-06-02,-0.016009633407297864,-1,-1,0.0
2020-06-03,0.012351241473905206,-1,-1,-1.0
2020-06-04,-0.025155268002861633,-1,-1,0.0
2020-06-05,0.013098481927345721,-1,1,-1.0
2020-06-08,0.009610330246712897,-1,-1,-1.0
2020-06-09,-0.0008167458702274134,-1,1,-1.0
2020-06-10,0.010855446283993906,-1,-1,-1.0
2020-06-11,-0.0015600795547297869,-1,1,0.0
2020-06-12,-0.005218007981163413,-1,-1,0.0
2020-06-15,0.005391431183017847,-1,-1,0.0
2020-06-16,-0.00023130821343635084,1,-1,0.0
2020-06-17,-0.002547715531949515,1,-1,0.0
2020-06-18,0.0121590659502639,1,1,1.0
2020-06-19,0.006166825249584587,1,-1,1.0
2020-06-22,0.008728248980421311,1,-1,1.0
2020-06-23,-0.0035613970847807024,1,-1,1.0
2020-06-24,-0.0020976074000182165,1,1,1.0
2020-06-25,0.005884713686692411,1,-1,0.0
2020-06-26,0.0012967886103743235,1,1,1.0
2020-06-29,0.010202426588476162,1,-1,1.0
2020-06-30,-0.011104398270962212,1,1,1.0
2020-07-01,0.006072237805783904,1,-1,1.0
2020-07-02,0.0025192455591178196,1,1,1.0
2020-07-06,0.00873997345987791,1,1,1.0
2020-07-07,0.006243658695440093,1,1,1.0
2020-07-08,-0.009018817348082771,1,-1,1.0
2020-07-09,-0.0005559571095256041,1,-1,1.0
2020-07-10,0.0070930414866313,1,-1,1.0
2020-07-13,-0.00022091032603613835,1,-1,1.0
2020-07-14,0.00044177186147813246,1,-1,1.0
2020-07-15,-0.007035885831272417,1,-1,1.0
2020-07-16,0.005323049805576425,1,1,1.0
2020-07-17,0.004194021617199042,-1,-1,1.0
2020-07-20,0.014487856747344773,-1,-1,1.0
2020-07-21,0.011709267020525905,1,1,1.0
2020-07-22,0.013322162460929807,-1,1,1.0
2020-07-23,0.0043313363665133785,-1,1,1.0
2020-07-24,0.017606154822841998,-1,1,1.0
2020-07-27,0.007069694974014618,-1,-1,1.0
2020-07-28,0.004514937092596289,-1,-1,1.0
2020-07-29,-0.005749772517706172,-1,-1,1.0
2020-07-30,0.01049918711509946,-1,-1,1.0
2020-07-31,0.0016289716145934227,-1,1,0.0
2020-08-03,0.017745954507515056,-1,1,0.0
2020-08-04,0.014830529962694551,-1,-1,1.0
2020-08-05,0.009993726704919284,-1,1,1.0
2020-08-06,-0.020386772968585987,-1,-1,0.0
2020-08-07,0.007088912486168546,-1,-1,0.0
2020-08-10,-0.04640713846737047,-1,-1,1.0
2020-08-11,0.001189424227168705,1,1,1.0
2020-08-12,0.011203697670107498,-1,1,1.0
2020-08-13,-0.010118971422733294,-1,-1,1.0
2020-08-14,0.02447852971429491,-1,1,0.0
2020-08-17,0.007228233622483832,-1,-1,1.0
2020-08-18,-0.020566184811920643,-1,-1,1.0
2020-08-19,-0.012793958632575233,-1,1,-1.0
2020-08-20,0.0004135698294723892,-1,-1,1.0
2020-08-21,-0.0035730170549381117,-1,-1,0.0
2020-08-24,-0.008282324903757287,-1,-1,0.0
2020-08-25,0.015003475387935178,-1,1,0.0
2020-08-26,-0.009890547937341995,-1,1,0.0
2020-08-27,0.02213049019313123,-1,1,0.0
2020-08-28,0.0015258636993629058,-1,-1,0.0
2020-08-31,0.00030488114322395907,-1,-1,0.0
2020-09-01,-0.017322181174838722,-1,1,0.0
2020-09-02,-0.00352152038087395,-1,1,0.0
2020-09-03,-0.0019213045878462153,-1,1,0.0
2020-09-04,0.004718811695522806,-1,1,0.0
2020-09-08,0.006034498194198085,-1,-1,0.0
2020-09-09,0.004873179121465835,-1,-1,0.0
2020-09-10,-0.008427543375380205,-1,1,0.0
2020-09-11,0.007864507194070662,-1,1,0.0
2020-09-14,0.001637117684006527,-1,1,0.0
2020-09-15,0.0019915248986203523,-1,1,1.0
2020-09-16,-0.010358510867938483,-1,1,0.0
2020-09-17,0.006217730605110695,-1,1,0.0
2020-09-18,-0.02642046360542287,-1,1,0.0
2020-09-21,-0.0013684804683452613,-1,1,0.0
2020-09-22,-0.020594023641089528,-1,1,0.0
2020-09-23,0.00450621665322058,-1,1,-1.0
2020-09-24,-0.005689815487671344,-1,1,0.0
2020-09-25,0.008095526135782653,-1,1,0.0
2020-09-28,0.0114147396616161,-1,1,0.0
2020-09-29,-0.0035962007873952123,-1,1,0.0
2020-09-30,0.011012005311720377,-1,1,1.0
2020-10-01,-0.004306089358559664,-1,-1,-1.0
2020-10-02,0.006452168624350489,-1,-1,0.0
2020-10-05,-0.005978633545181797,1,-1,0.0
2020-10-06,-0.009247826747493606,1,1,0.0
2020-10-07,0.00265097449388411,1,1,0.0
2020-10-08,0.01622893453895284,1,1,0.0
2020-10-09,0.001561686938946659,1,-1,0.0
2020-10-12,-0.017843559227287458,1,-1,0.0
2020-10-13,0.006755025244470127,1,1,0.0
2020-10-14,0.0009987659359625074,1,1,0.0
2020-10-15,-0.0012617784764216624,1,-1,0.0
2020-10-16,0.0029417837343790644,1,-1,0.0
2020-10-19,0.002095997386936684,1,1,0.0
2020-10-20,0.007405484259196327,1,1,0.0
2020-10-21,-0.012285488081525435,1,-1,0.0
2020-10-22,0.000473310949826521,1,1,0.0
2020-10-23,0.0003679402784737119,1,-1,0.0
2020-10-26,0.003200893540376839,1,-1,0.0
2020-10-27,-0.017226369257346583,1,1,0.0
2020-10-28,-0.005665724597106544,-1,-1,-1.0
2020-10-29,0.006305149837346229,-1,-1,-1.0
2020-10-30,0.006900605880378817,-1,1,-1.0
2020-11-02,0.009529133397826345,-1,1,0.0
2020-11-03,-0.007309871629980852,-1,1,0.0
2020-11-04,0.026408510349030297,1,1,0.0
2020-11-05,0.0025670000104109966,1,-1,0.0
2020-11-06,-0.051069383720258016,1,-1,1.0
2020-11-09,0.011908134809094027,1,1,0.0
2020-11-10,-0.007869248251789697,-1,1,0.0
2020-11-11,0.0063750917154759305,-1,1,-1.0
2020-11-12,0.006971252371710679,-1,1,-1.0
2020-11-13,0.0008481832770622549,-1,1,0.0
2020-11-16,-0.001484728408849857,-1,1,0.0
2020-11-17,-0.005854194473448053,-1,1,-1.0
2020-11-18,-0.006640641601906295,-1,1,0.0
2020-11-19,0.006160128835431433,-1,1,0.0
2020-11-20,-0.018758595831691482,-1,1,-1.0
2020-11-23,-0.01811942127724579,-1,1,0.0
2020-11-24,0.0004984918223985983,-1,1,0.0
2020-11-25,-0.013268076746218986,-1,1,0.0
2020-11-27,-0.0034855405676794873,-1,1,0.0
2020-11-30,0.02139477962249914,-1,1,0.0
2020-12-01,0.006373984885256353,-1,1,0.0
2020-12-02,0.006061505333917496,-1,1,0.0
2020-12-03,-0.0004901159441992974,-1,1,0.0
2020-12-04,0.014008950144385123,-1,1,-1.0
2020-12-07,0.00482238504317269,1,-1,0.0
2020-12-08,-0.019539712183873785,1,-1,0.0
2020-12-09,-0.0005452265623923936,1,1,0.0
2020-12-10,0.0033756623773702715,1,1,0.0
2020-12-11,-0.0060515914033823295,1,-1,0.0
2020-12-14,0.012822831309901658,1,1,0.0
2020-12-15,0.002049362562147543,1,-1,0.0
2020-12-16,0.016616724168514528,1,-1,0.0
2020-12-17,-0.0007951443811694825,1,-1,1.0
2020-12-18,-0.003452950477738774,1,-1,1.0
2020-12-21,-0.006727547309022039,1,-1,1.0
2020-12-22,0.004330039505094346,1,1,0.0
2020-12-23,0.002769976349498633,1,1,0.0
2020-12-24,-0.0014373179976945852,1,-1,0.0
2020-12-28,0.0013308847368819284,1,1,0.0
2020-12-29,0.005993626012460182,1,-1,1.0
2020-12-30,0.001109894461065988,1,1,1.0
2020-12-31,0.026892014283005597,1,-1,1.0
2021-01-04,0.0041053068384807835,1,1,1.0
2021-01-05,-0.02373410559741736,-1,-1,1.0
2021-01-06,0.002827831959051613,1,-1,0.0
2021-01-07,-0.04175284695685238,1,-1,0.0
2021-01-08,0.008415501632621867,-1,-1,0.0
2021-01-11,-0.0036289551927895197,-1,-1,0.0
2021-01-12,0.005789249861381841,-1,-1,-1.0
2021-01-13,-0.0017818664700341759,-1,-1,-1.0
2021-01-14,-0.011414407787474065,-1,-1,-1.0
2021-01-15,0.005560388855331254,-1,-1,-1.0
2021-01-19,0.014249727942710165,-1,-1,-1.0
2021-01-20,-0.0003215992599331132,-1,1,0.0
2021-01-21,-0.0051599671898233754,-1,1,0.0
2021-01-22,-0.00043115764322087933,-1,1,0.0
2021-01-25,-0.002266879894457694,-1,1,0.0
2021-01-26,-0.003138830803113128,-1,1,0.0
2021-01-27,-0.0038014599418898284,-1,-1,-1.0
2021-01-28,0.005101511241647846,-1,1,1.0
2021-01-29,0.007281389008044573,-1,1,0.0
2021-02-01,-0.01641737544450263,-1,1,0.0
2021-02-02,0.0009282503708198232,-1,1,-1.0
2021-02-03,-0.023916484486413037,-1,1,-1.0
2021-02-04,0.012223053284327792,-1,1,0.0
2021-02-05,0.011529720189568878,-1,-1,0.0
2021-02-08,0.0018542895508146806,-1,1,0.0
2021-02-09,0.0028836096711605716,-1,-1,0.0
2021-02-10,-0.008566387767498546,-1,-1,0.0
2021-02-11,-0.0018099820260787875,-1,1,-1.0
2021-02-12,-0.013485351319986577,-1,1,-1.0
2021-02-16,-0.014629062349107949,-1,1,0.0
2021-02-17,0.0012978130348198413,-1,1,0.0
2021-02-18,0.0013524313819186311,-1,1,-1.0
2021-02-19,0.017250896659106188,-1,1,0.0
2021-02-22,-0.0012738096892075683,-1,-1,0.0
2021-02-23,-0.004443464260402694,-1,-1,0.0
2021-02-24,-0.012322324448977169,-1,1,0.0
2021-02-25,-0.02643982642289971,-1,1,-1.0
2021-02-26,-0.0032458010444414774,-1,-1,0.0
2021-03-01,0.006134974480583479,1,1,0.0
2021-03-02,-0.01032367748638774,-1,1,-1.0
2021-03-03,-0.008842158417799017,-1,1,-1.0
2021-03-04,-0.0012947745929176705,1,1,-1.0
2021-03-05,-0.012027309199143453,1,1,0.0
2021-03-08,0.022921797389633937,1,1,0.0
2021-03-09,0.002850427716795303,-1,1,0.0
2021-03-10,0.00046463141365605257,-1,1,-1.0
2021-03-11,-0.0016270843199136934,-1,1,0.0
2021-03-12,0.005451831359562948,1,1,0.0
2021-03-15,0.000982772833472422,1,-1,-1.0
2021-03-16,-0.0021981421073807767,1,-1,0.0
2021-03-17,0.003122235750465632,1,1,0.0
2021-03-18,0.0052971527058642155,1,-1,-1.0
2021-03-19,-0.002069427911533476,1,-1,-1.0
2021-03-22,-0.007566879516500325,1,-1,-1.0
2021-03-23,0.004743225748486408,1,-1,-1.0
2021-03-24,-0.004627227810274516,1,-1,-1.0
2021-03-25,0.004223156783957694,1,-1,0.0
2021-03-26,-0.011671575757386563,1,-1,0.0
2021-03-29,-0.01660812683626846,1,-1,-1.0
2021-03-30,0.017600609611377438,1,1,-1.0
2021-03-31,0.0073830821038836664,1,1,0.0
2021-04-01,0.00028956131663167214,1,-1,0.0
2021-04-05,0.008361011659377205,1,-1,-1.0
2021-04-06,-0.000804242014787378,1,-1,1.0
2021-04-07,0.009551431317729613,1,-1,1.0
2021-04-08,-0.007714103350808669,1,1,1.0
2021-04-09,-0.0069651153108131235,1,-1,1.0
2021-04-12,0.008627188966826281,1,-1,1.0
2021-04-13,-0.006492181509603616,1,-1,1.0
2021-04-14,0.01742751851072938,1,-1,1.0
2021-04-15,0.007674101250506838,1,-1,1.0
2021-04-16,-0.005410888818616735,1,-1,1.0
2021-04-19,0.004454866391931009,1,-1,1.0
2021-04-20,0.00840435224167868,1,-1,1.0
2021-04-21,-0.006212471446331363,1,-1,1.0
2021-04-22,-0.002360717879845413,1,1,1.0
2021-04-23,0.001237248457746213,1,1,1.0
2021-04-26,-0.0006746605385477973,1,1,1.0
2021-04-27,-0.00270334073967916,1,-1,1.0
2021-04-28,-0.002880286458205009,1,1,1.0
2021-04-29,-0.00045252405155806857,1,1,1.0
2021-04-30,0.013544464845169118,1,1,1.0
2021-05-03,-0.00874639757494062,1,-1,1.0
2021-05-04,0.004663019601775825,1,1,1.0
2021-05-05,0.017446839157978355,1,-1,1.0
2021-05-06,0.00855595396027406,1,1,1.0
2021-05-07,0.00348908627232722,1,-1,1.0
2021-05-10,-0.0008711143226879709,1,1,1.0
2021-05-11,-0.007270798097461684,1,-1,1.0
2021-05-12,0.0006582236054636419,1,-1,1.0
2021-05-13,0.00770136548279548,1,-1,1.0
2021-05-14,0.01597700925187108,1,1,1.0
2021-05-17,0.00016065581069687392,-1,1,1.0
2021-05-18,0.007201759353874979,-1,-1,1.0
2021-05-19,0.00026573834868414716,-1,1,1.0
2021-05-20,-0.0027139022410788334,-1,1,1.0
2021-05-21,0.004200694538999657,-1,-1,1.0
2021-05-24,0.007137789140429843,-1,1,1.0
2021-05-25,0.001684515438402536,-1,1,1.0
2021-05-26,-0.002949750706768753,-1,-1,1.0
2021-05-27,0.0035806730456278716,-1,1,1.0
2021-05-28,0.00021024040204428116,-1,1,1.0
2021-06-01,0.002414433020726898,-1,1,1.0
2021-06-02,-0.019213573983194728,-1,1,1.0
2021-06-03,0.00989111901082882,-1,1,0.0
2021-06-04,0.0036972523073180667,-1,1,0.0
2021-06-07,-0.002428134028169905,-1,1,0.0
2021-06-08,0.0005283457753793965,-1,1,0.0
2021-06-09,0.0005280667735240403,-1,1,0.0
2021-06-10,-0.008908706107218346,-1,1,1.0
2021-06-11,-0.007163137661542878,-1,1,0.0
2021-06-14,-0.005109598315890978,-1,1,0.0
2021-06-15,0.0026925164354793135,-1,1,0.0
2021-06-16,-0.04718346889536021,-1,1,0.0
2021-06-17,-0.003331750148147224,1,1,-1.0
2021-06-18,0.007831701368745038,1,1,-1.0
2021-06-21,-0.00309153999585223,-1,-1,-1.0
2021-06-22,0.003372115731426366,-1,1,-1.0
2021-06-23,-0.0037663122158099844,-1,-1,-1.0
2021-06-24,0.0005630313834598243,-1,1,-1.0
2021-06-25,0.0016871946194519283,-1,1,-1.0
2021-06-28,-0.009485124546020829,-1,1,0.0
2021-06-29,0.004527967765016482,-1,1,-1.0
2021-06-30,0.0028759009759461445,-1,-1,-1.0
2021-07-01,0.0037656085928761485,-1,1,0.0
2021-07-02,0.006096058971480818,-1,1,-1.0
2021-07-06,0.0044506332158106765,-1,1,-1.0
2021-07-07,-0.001055246787513598,1,1,0.0
2021-07-08,0.005762440859237031,1,1,-1.0
2021-07-09,-0.0024892835423589803,1,-1,0.0
2021-07-12,0.0021577503670339305,1,1,0.0
2021-07-13,0.008201066475030334,1,1,-1.0
2021-07-14,0.0022449022507048935,1,-1,-1.0
2021-07-15,-0.007631333157156481,1,1,1.0
2021-07-16,-0.003201619485910015,1,1,1.0
2021-07-19,0.0012156445618103438,1,1,0.0
2021-07-20,-0.0044274796393197775,1,1,0.0
2021-07-21,0.0011640986772757504,1,1,0.0
2021-07-22,-0.00199643786451196,1,-1,1.0
2021-07-23,-0.001499999314886413,1,-1,1.0
2021-07-26,0.0004446939315025321,1,1,0.0
2021-07-27,0.0,1,1,1.0
2021-07-28,0.017462614454720644,1,1,1.0
2021-07-29,-0.010209197822209345,1,1,1.0
2021-07-30,0.0030297211452917027,1,1,1.0
2021-08-02,-0.004409907432068376,1,1,1.0
2021-08-03,0.00022097134087597074,1,1,1.0
2021-08-04,-0.002987071836327456,1,1,1.0
2021-08-05,-0.025302169337170947,1,1,1.0
2021-08-06,-0.021014711060311712,-1,1,0.0
2021-08-09,0.0031284564647309984,1,1,0.0
2021-08-10,0.012416792738750166,1,-1,0.0
2021-08-11,-0.0008001511567647293,-1,1,-1.0
2021-08-12,0.014868869094078072,-1,1,-1.0
2021-08-13,0.006569223434738159,-1,1,0.0
2021-08-16,-0.0010638733336789578,-1,1,-1.0
2021-08-17,-0.0019065919740294643,1,1,0.0
2021-08-18,-0.0007861331433283399,1,1,0.0
2021-08-19,0.0004493141932800512,1,1,-1.0
2021-08-20,0.012387832917253414,1,1,-1.0
2021-08-23,0.0013300957751088253,1,-1,0.0
2021-08-24,-0.009683432986547027,1,1,1.0
2021-08-25,0.0022343882098449877,1,1,-1.0
2021-08-26,0.013522720423364417,1,1,0.0
2021-08-27,-0.004192402233391118,1,-1,0.0
2021-08-30,0.003311261303656005,1,1,0.0
2021-08-31,-0.0010473937325584054,1,-1,0.0
2021-09-01,-0.0024297457991778355,1,-1,1.0
2021-09-02,0.012199334385803619,1,1,1.0
2021-09-03,-0.019301359933995132,1,-1,1.0
2021-09-07,-0.002899725043928858,1,-1,0.0
2021-09-08,0.0037346122321662177,1,1,0.0
2021-09-09,-0.00434907227353077,1,1,0.0
2021-09-10,0.0013401970011455836,-1,-1,0.0
2021-09-13,0.007062031376286556,-1,1,-1.0
2021-09-14,-0.0068388283782960125,-1,1,0.0
2021-09-15,-0.021314620752901005,-1,1,-1.0
2021-09-16,-0.002968010838533277,-1,1,0.0
2021-09-17,0.007063155449170932,-1,1,0.0
2021-09-20,0.008027603161512306,-1,1,-1.0
2021-09-21,0.0003940390072630704,-1,1,-1.0
2021-09-22,-0.01645707372556822,-1,1,-1.0
2021-09-23,0.0011437069101939464,-1,1,0.0
2021-09-24,0.00017147117355570008,-1,1,0.0
2021-09-27,-0.008147357577374788,-1,1,0.0
2021-09-28,-0.008272426561606493,-1,1,0.0
2021-09-29,0.01944380650125953,-1,1,0.0
2021-09-30,0.0009679989072590911,-1,1,0.0
2021-10-01,0.005222509201740211,-1,1,-1.0
2021-10-04,-0.0037438217890526193,-1,1,0.0
2021-10-05,0.0005113629953223071,1,1,-1.0
2021-10-06,-0.001477930901064451,1,1,0.0
2021-10-07,-0.0009105774646536376,1,1,0.0
2021-10-08,-0.000968454449423833,1,1,0.0
2021-10-11,0.00210656414060376,1,1,0.0
2021-10-12,0.019933037412385866,1,1,0.0
2021-10-13,0.0016711234290114187,1,1,0.0
2021-10-14,-0.01655527628627928,1,1,0.0
2021-10-15,-0.001358948308654003,1,1,1.0
2021-10-18,0.0027726159189181846,1,1,0.0
2021-10-19,0.008104059610460861,1,1,1.0
2021-10-20,-0.0016268056619152453,1,1,0.0
2021-10-21,0.00799626763164088,1,1,0.0
2021-10-22,0.005830920310793144,1,1,0.0
2021-10-25,-0.0073916189533362806,1,-1,0.0
2021-10-26,0.0028964946878651475,1,-1,1.0
2021-10-27,0.002055814682588965,1,1,0.0
2021-10-28,-0.010377806530908187,1,1,0.0
2021-10-29,0.006763378213492534,1,1,0.0
2021-11-01,-0.003571645375540873,1,1,1.0
2021-11-02,-0.014131911060620329,1,1,1.0
2021-11-03,0.01653303396466099,-1,-1,0.0
2021-11-04,0.012966339059569584,-1,1,0.0
2021-11-05,0.006037671259816749,1,-1,0.0
2021-11-08,0.0015310188776383894,1,-1,0.0
2021-11-09,0.009462262540359543,1,-1,0.0
2021-11-10,0.00840792702102028,1,-1,0.0
2021-11-11,0.002519404872046127,1,-1,0.0
2021-11-12,-0.0009641397790914904,1,-1,1.0
2021-11-15,-0.006720997509486058,1,-1,0.0
2021-11-16,0.008648283108735699,1,-1,0.0
2021-11-17,-0.004663986413490948,1,-1,0.0
2021-11-18,-0.005279926579310966,1,-1,0.0
2021-11-19,-0.02471959608600904,1,1,1.0
2021-11-22,-0.012536729177984571,-1,-1,0.0
2021-11-23,0.0003363468974658657,-1,-1,0.0
2021-11-24,0.0006724229725988722,-1,-1,0.0
2021-11-26,-0.00168180324307445,-1,-1,0.0
2021-11-29,-0.0048933268890934195,-1,-1,0.0
2021-11-30,0.00450045770286688,-1,1,0.0
2021-12-01,-0.011800393739534874,-1,1,0.0
2021-12-02,0.012024899530579426,-1,1,-1.0
2021-12-03,-0.0025284463533586377,-1,-1,-1.0
2021-12-06,0.0028650763234604835,-1,-1,-1.0
2021-12-07,0.0004487093895392277,-1,1,0.0
2021-12-08,-0.004946636746660119,-1,-1,0.0
2021-12-09,0.004666234090444804,-1,1,0.0
2021-12-10,0.001905203055442121,-1,-1,0.0
2021-12-13,-0.008940945262643642,-1,1,-1.0
2021-12-14,-0.00441554571258348,-1,1,-1.0
2021-12-15,0.019105998391674383,-1,1,-1.0
2021-12-16,0.003999601595126616,-1,-1,0.0
2021-12-17,-0.0056150794682417494,1,-1,0.0
2021-12-20,-0.0032387379200195265,1,-1,0.0
2021-12-21,0.007633384981113123,1,-1,0.0
2021-12-22,0.005314436655823481,1,1,0.0
2021-12-23,-0.0017130253953705572,1,-1,1.0
2021-12-27,0.00116075276468448,1,-1,1.0
2021-12-28,-0.0028213310498175362,1,-1,1.0
2021-12-29,0.004201441162821637,1,-1,0.0
2021-12-30,0.00813149309174338,1,-1,1.0
2021-12-31,-0.015495623073024625,1,-1,1.0
2022-01-03,0.00808106212417286,1,-1,1.0
2022-01-04,0.005826419855790741,1,-1,1.0
2022-01-05,-0.019871699829780404,1,-1,1.0
2022-01-06,0.0046295360824668225,1,1,0.0
2022-01-07,0.0007787864912479449,-1,-1,0.0
2022-01-10,0.011169566592358682,-1,-1,0.0
2022-01-11,0.004717752871602087,1,-1,0.0
2022-01-12,-0.0032891160891035777,1,-1,0.0
2022-01-13,-0.0025840249884074937,1,-1,0.0
2022-01-14,-0.002314788905823573,1,-1,1.0
2022-01-18,0.016852139555948425,1,-1,1.0
2022-01-19,-0.0003255782478899052,1,-1,1.0
2022-01-20,-0.00582422843878814,1,-1,1.0
2022-01-21,0.005389914964327385,1,-1,1.0
2022-01-24,0.005954976611818967,1,-1,1.0
2022-01-25,-0.01238267432546163,1,-1,1.0
2022-01-26,-0.02020380869292505,1,-1,1.0
2022-01-27,-0.004695120268889005,-1,-1,0.0
2022-01-28,0.005642617008805025,-1,-1,0.0
2022-01-31,0.002948322863412963,-1,1,0.0
2022-02-01,0.0049313868291021275,-1,1,0.0
2022-02-02,-0.0034327874115770577,-1,1,0.0
2022-02-03,0.0019946679986083213,-1,-1,0.0
2022-02-04,0.007719491459363494,-1,-1,0.0
2022-02-07,0.003290198230438897,-1,-1,0.0
2022-02-08,0.004697138876945588,-1,-1,0.0
2022-02-09,0.0005447513489833872,1,-1,0.0
2022-02-10,0.002502094128990784,1,-1,1.0
2022-02-11,0.014668053542140463,1,-1,0.0
2022-02-14,-0.007091439946204802,1,-1,0.0
2022-02-15,0.008268451050258554,1,-1,0.0
2022-02-16,0.016176862774401283,1,-1,1.0
2022-02-17,-0.0011054540785267234,-1,-1,1.0
2022-02-18,0.003942497337925904,1,1,0.0
2022-02-22,0.0016250236299235957,-1,1,1.0
2022-02-23,0.008293621186042321,-1,-1,1.0
2022-02-24,-0.020254641338242927,-1,1,1.0
2022-02-25,0.006814799258052393,1,1,1.0
2022-02-28,0.022386274771780384,1,1,1.0
2022-03-01,-0.011130495531632012,1,1,1.0
2022-03-02,0.007003374578962224,1,1,1.0
2022-03-03,0.015745908688366016,1,1,1.0
2022-03-04,0.014549409887336044,1,1,1.0
2022-03-07,0.02290628222036198,-1,1,1.0
2022-03-08,-0.026926590113771492,-1,1,1.0
2022-03-09,0.00612449262362708,1,1,1.0
2022-03-10,-0.007737189270018103,1,1,1.0
2022-03-11,-0.011719169211707079,1,1,1.0
2022-03-14,-0.015997859657440116,1,1,1.0
2022-03-15,-0.010686925640050688,-1,-1,0.0
2022-03-16,0.017714276252213116,-1,1,0.0
2022-03-17,-0.007182949353329375,-1,-1,0.0
2022-03-18,0.00020743851021229863,-1,-1,0.0
2022-03-21,-0.0041046609285686,-1,-1,0.0
2022-03-22,0.008244168082008863,-1,-1,0.0
2022-03-23,0.012826608725129677,-1,-1,0.0
2022-03-24,-0.0039842350856928496,-1,-1,1.0
2022-03-25,-0.007294465566171451,-1,-1,1.0
2022-03-28,-0.014331939032686845,-1,-1,0.0
2022-03-29,0.011182017436005276,-1,-1,1.0
2022-03-30,0.00808717487165785,-1,-1,1.0
2022-03-31,-0.01556269351642906,-1,-1,0.0
2022-04-01,0.0052490704821981215,-1,1,1.0
2022-04-04,-0.003270908031756635,-1,-1,0.0
2022-04-05,-0.0023429578535094993,-1,1,0.0
2022-04-06,0.007995486299766241,-1,-1,0.0
2022-04-07,0.004025358538914772,-1,-1,0.0
2022-04-08,0.0013896773770587837,-1,1,0.0
2022-04-11,0.014196912221042192,-1,1,0.0
2022-04-12,0.004502815262256247,1,-1,1.0
2022-04-13,-0.0051114641128363805,1,1,1.0
2022-04-14,0.006070128331346491,1,1,1.0
2022-04-18,-0.013812271285541397,1,-1,1.0
2022-04-19,-0.001739970932198888,1,1,0.0
2022-04-20,-0.0037976152973985644,1,-1,0.0
2022-04-21,-0.007172570973407727,-1,-1,0.0
2022-04-22,-0.019769510187740744,-1,-1,-1.0
2022-04-25,0.0043219765242018485,-1,1,-1.0
2022-04-26,-0.008185296301079753,-1,1,-1.0
2022-04-27,0.0014835623851351678,-1,1,0.0
2022-04-28,0.010847972444223454,-1,1,0.0
2022-04-29,-0.02519292038456543,-1,1,0.0
2022-05-02,0.0037527518532821575,-1,1,0.0
2022-05-03,-0.0009636752202483986,-1,1,0.0
2022-05-04,0.003742319256644968,-1,1,0.0
2022-05-05,0.003834661316685816,-1,1,0.0
2022-05-06,-0.01289372706238319,-1,1,0.0
2022-05-09,-0.009304882483388956,-1,1,0.0
2022-05-10,0.006878809072376239,-1,1,-1.0
2022-05-11,-0.015667781369351385,-1,1,-1.0
2022-05-12,-0.009032901296614637,-1,1,-1.0
2022-05-13,0.003369317747265814,-1,1,-1.0
2022-05-16,0.0025882941096002548,-1,1,-1.0
2022-05-17,-0.0012657478221988101,-1,1,-1.0
2022-05-18,0.013836280412998598,-1,1,-1.0
2022-05-19,0.00032587437499885286,-1,1,-1.0
2022-05-20,0.003252387863293797,-1,-1,-1.0
2022-05-23,0.009318889191803246,1,-1,-1.0
2022-05-24,-0.010185211745308747,1,-1,-1.0
2022-05-25,0.0006498122657287857,1,-1,-1.0
2022-05-26,0.0021088629963046065,1,-1,-1.0
2022-05-27,-0.004656260527504244,1,-1,-1.0
2022-05-31,0.00032560914897010034,1,-1,-1.0
2022-06-01,0.0125075493629948,1,-1,-1.0
2022-06-02,-0.011368949980497233,1,-1,1.0
2022-06-03,-0.003365401473737211,1,1,-1.0
2022-06-06,0.004502705921952788,1,-1,1.0
2022-06-07,0.0023787784288539122,1,-1,1.0
2022-06-08,-0.001675345880327806,1,-1,1.0
2022-06-09,0.012203441973600668,1,-1,0.0
2022-06-10,-0.02351777533038834,1,1,-1.0
2022-06-13,-0.01017190901029815,1,1,0.0
2022-06-14,0.00320020619069026,1,1,0.0
2022-06-15,0.016607812663686532,-1,1,-1.0
2022-06-16,-0.0054871926378130915,1,1,0.0
2022-06-17,-0.0005449294523729552,1,1,0.0
2022-06-21,-0.00016349682819621488,1,1,0.0
2022-06-22,-0.004699515565206118,1,1,0.0
2022-06-23,0.0004381188607517011,1,1,0.0
2022-06-24,-0.003070669489849738,1,1,0.0
2022-06-27,-0.001868967337812985,-1,1,0.0
2022-06-28,-0.0020929997061283,-1,1,0.0
2022-06-29,-0.0053070917753330026,-1,1,0.0
2022-06-30,-0.002886458385910953,-1,1,-1.0
2022-07-01,-0.02083933914969923,-1,1,-1.0
2022-07-05,-0.015386252486003978,1,1,-1.0
2022-07-06,0.0017277129141139384,1,1,0.0
2022-07-07,0.0015523655104664287,1,1,0.0
2022-07-08,-0.006108458837354837,1,1,0.0
2022-07-11,-0.003880322870210738,1,1,-1.0
2022-07-12,0.0063050981654516405,1,1,-1.0
2022-07-13,-0.017274371209107783,1,1,-1.0
2022-07-14,-0.0012327780896654707,1,1,-1.0
2022-07-15,0.003986361713753098,1,1,-1.0
2022-07-18,0.0004679742946601952,1,1,-1.0
2022-07-19,-0.006159280360534849,1,1,-1.0
2022-07-20,0.007736953992708003,1,1,-1.0
2022-07-21,0.008372643085123987,-1,1,-1.0
2022-07-22,-0.004700960831153482,1,-1,-1.0
2022-07-25,-0.000756568166326809,1,1,-1.0
2022-07-26,0.0008147256292718839,1,1,-1.0
2022-07-27,0.017986345847998488,1,1,-1.0
2022-07-28,0.007172964446712137,1,-1,-1.0
2022-07-29,0.003454221019280375,1,-1,-1.0
2022-08-01,0.001186393518112395,1,-1,-1.0
2022-08-02,-0.007424009432775246,1,-1,-1.0
2022-08-03,0.01720048045395003,1,1,1.0
2022-08-04,-0.008760642024044224,1,-1,1.0
2022-08-05,0.007809700130070115,1,1,0.0
2022-08-08,0.004021425813643075,1,1,0.0
2022-08-09,0.0008914506924313416,1,-1,0.0
2022-08-10,-0.003291233570665182,1,1,1.0
2022-08-11,0.004960590165981755,1,-1,0.0
2022-08-12,-0.009608985203734186,1,-1,1.0
2022-08-15,-0.0046137893685845414,1,-1,1.0
2022-08-16,-0.007301519543719817,1,-1,0.0
2022-08-17,-0.002844466510612898,1,-1,0.0
2022-08-18,-0.00439640617260913,1,-1,0.0
2022-08-19,-0.00781252576674173,-1,-1,0.0
2022-08-22,0.007354692223817934,-1,1,0.0
2022-08-23,0.0005723115660449006,-1,-1,-1.0
2022-08-24,0.005648226308946638,-1,-1,-1.0
2022-08-25,-0.012364904253983925,-1,1,0.0
2022-08-26,0.0002879603826907875,-1,1,-1.0
2022-08-29,-0.007746165501607033,-1,1,-1.0
2022-08-30,-0.006053512283144235,-1,1,-1.0
2022-08-31,-0.009503252799611197,-1,1,-1.0
2022-09-01,0.0077501991662910705,-1,1,-1.0
2022-09-02,-0.0055129013074622065,-1,-1,-1.0
2022-09-06,0.00872448903953951,-1,1,-1.0
2022-09-07,-0.004264925533494193,-1,1,-1.0
2022-09-08,0.004789420573202699,-1,1,-1.0
2022-09-09,0.0069100090105372255,-1,-1,-1.0
2022-09-12,-0.013457414214637989,-1,-1,-1.0
2022-09-13,-0.004997805493332346,-1,1,-1.0
2022-09-14,-0.018501955762987212,-1,1,-1.0
2022-09-15,0.003775694038622129,-1,-1,0.0
2022-09-16,-0.003295488264191871,-1,1,0.0
2022-09-19,-0.0039087215289053045,-1,1,-1.0
2022-09-20,0.002948005938547933,-1,-1,0.0
2022-09-21,0.0037177432020477504,-1,-1,0.0
2022-09-22,-0.015379814777475905,-1,1,0.0
2022-09-23,-0.013461623673598822,-1,-1,0.0
2022-09-26,0.0020922483593887654,1,-1,0.0
2022-09-27,0.020505159126874725,1,1,-1.0
2022-09-28,-0.0011449724954999327,-1,-1,0.0
2022-09-29,0.002348776643889567,-1,-1,0.0
2022-09-30,0.01818069303365146,1,-1,-1.0
2022-10-03,0.016520558026136455,1,-1,-1.0
2022-10-04,-0.005651843841279974,1,-1,0.0
2022-10-05,0.00017523692601385205,1,1,0.0
2022-10-06,-0.006564674728268202,1,-1,0.0
2022-10-07,-0.01971674459509101,1,-1,0.0
2022-10-10,0.006814074389340839,1,-1,-1.0
2022-10-11,-0.005016375012451831,1,-1,-1.0
2022-10-12,-0.00017965381824740632,1,-1,-1.0
2022-10-13,-0.01709136585274509,1,1,-1.0
2022-10-14,0.009276477868507263,-1,-1,-1.0
2022-10-17,-0.004839694866963967,-1,-1,-1.0
2022-10-18,-0.013123948476874548,-1,-1,-1.0
2022-10-19,0.00202562680358335,-1,-1,-1.0
2022-10-20,0.012310443033820328,-1,-1,-1.0
2022-10-21,-0.0013940959691325695,-1,-1,0.0
2022-10-24,0.0024837799570480903,-1,-1,-1.0
2022-10-25,0.006753493473110318,-1,-1,0.0
2022-10-26,-0.001985171570581598,1,-1,0.0
2022-10-27,-0.012786876070645195,1,-1,0.0
2022-10-28,-0.002259168215868315,1,-1,0.0
2022-10-31,0.005547257675413403,1,-1,-1.0
2022-11-01,0.0004254117317392756,1,-1,0.0
2022-11-02,-0.011243566259035888,1,-1,0.0
2022-11-03,0.02739728333020796,-1,-1,0.0
2022-11-04,0.0023887739038996633,1,-1,0.0
2022-11-07,0.02101238604477114,1,-1,0.0
2022-11-08,-0.0011688389084410285,1,-1,0.0
2022-11-09,0.023235395651179536,1,-1,0.0
2022-11-10,0.008929872470112414,1,-1,0.0
2022-11-11,0.004294263372937783,-1,-1,0.0
2022-11-14,0.00011279993292139435,-1,-1,0.0
2022-11-15,-0.0004511383955566457,-1,-1,0.0
2022-11-16,-0.006904748131308381,-1,-1,0.0
2022-11-17,-0.005067351765360675,1,1,1.0
2022-11-18,-0.008311170299651035,1,-1,1.0
2022-11-21,0.0005178953391911294,1,-1,0.0
2022-11-22,0.0037896091787737837,1,-1,1.0
2022-11-23,0.004802492929499426,1,-1,0.0
2022-11-25,-0.007557185534083681,1,-1,0.0
2022-11-28,0.004758529161550502,-1,-1,0.0
2022-11-29,-0.001373640553271435,-1,-1,1.0
2022-11-30,0.0310701183883798,-1,-1,1.0
2022-12-01,-0.002891273168903714,-1,1,0.0
2022-12-02,-0.015996748721572914,1,1,0.0
2022-12-05,0.0010744618189316108,1,1,0.0
2022-12-06,0.009114472318120768,1,1,1.0
2022-12-07,0.0017905836665891154,1,-1,1.0
2022-12-08,0.005241466558799575,1,-1,0.0
2022-12-09,-0.009836314542059353,1,-1,0.0
2022-12-12,0.01858501310552256,-1,-1,1.0
2022-12-13,-0.0035345617904352757,1,1,0.0
2022-12-14,-0.0169056104459163,1,1,0.0
2022-12-15,0.007176555247797316,-1,-1,1.0
2022-12-16,-0.0012857697271356746,-1,1,0.0
2022-12-19,0.015651375902693578,-1,1,0.0
2022-12-20,0.0,-1,-1,0.0
2022-12-21,-0.016042989850930472,-1,1,0.0
2022-12-22,0.004968066459595485,-1,1,0.0
2022-12-23,0.010468993076297851,-1,1,0.0
2022-12-27,-0.0038093315032526956,-1,-1,0.0
2022-12-28,0.0063957738601456895,-1,1,0.0
2022-12-29,0.0001098874339190406,-1,1,0.0
2022-12-30,0.010930862804251935,-1,1,0.0
2023-01-03,0.007095546441984838,1,-1,0.0
2023-01-04,-0.009762524397120638,1,-1,1.0
2023-01-05,0.01589647009927115,1,-1,0.0
2023-01-06,0.004549233258291233,1,-1,0.0
2023-01-09,-0.0005875467452383854,1,-1,0.0
2023-01-10,0.0016016233411999265,1,1,0.0
2023-01-11,0.01108736566761611,1,1,0.0
2023-01-12,0.012008862043122856,-1,-1,1.0
2023-01-13,-0.005855345730477272,-1,-1,1.0
2023-01-17,-0.0014691611288529948,-1,-1,1.0
2023-01-18,0.00925131447113823,1,1,1.0
2023-01-19,0.002234663176594187,-1,-1,1.0
2023-01-20,0.0003632807471507761,-1,1,1.0
2023-01-23,0.0035224324574504432,-1,1,1.0
2023-01-24,0.003767611384967313,-1,1,1.0
2023-01-25,-0.0062527531393146134,-1,-1,1.0
2023-01-26,-0.00025922182084070467,1,1,1.0
2023-01-27,-0.002959862564305934,1,1,1.0
2023-01-30,0.0034264261246514465,-1,1,1.0
2023-01-31,-0.000881420299387641,-1,1,1.0
2023-02-01,-0.005983212723418652,-1,1,1.0
2023-02-02,-0.02826184255379748,-1,1,0.0
2023-02-03,0.0017698252343863036,-1,1,0.0
2023-02-06,0.0029428310618131773,-1,1,0.0
2023-02-07,0.003040771209810025,-1,1,0.0
2023-02-08,-0.005983602271623308,-1,1,0.0
2023-02-09,-0.0018234933150134012,-1,1,0.0
2023-02-10,-0.005868606069231897,-1,1,1.0
2023-02-13,0.0011333148745895825,-1,1,1.0
2023-02-14,-0.0107370746218953,-1,1,0.0
2023-02-15,0.004243545311346955,-1,1,0.0
2023-02-16,-0.0008689852683103383,-1,1,-1.0
2023-02-17,-0.004028983707236791,-1,1,-1.0
2023-02-21,-0.000545702605629464,-1,1,-1.0
2023-02-22,-0.0076712704966514795,-1,-1,0.0
2023-02-23,-0.005073326778902653,-1,-1,0.0
2023-02-24,0.004523120437649741,-1,-1,-1.0
2023-02-27,0.006527917163400628,-1,-1,-1.0
2023-02-28,0.004800056571569328,-1,-1,-1.0
2023-03-01,-0.0022880546197603423,-1,-1,-1.0
2023-03-02,0.007714887423290701,-1,1,-1.0
2023-03-03,0.00010827646049621364,-1,-1,0.0
2023-03-06,-0.0185706355718125,1,-1,0.0
2023-03-07,-0.0006618172911648265,-1,-1,-1.0
2023-03-08,0.009115987157307687,-1,1,-1.0
2023-03-09,0.017717772147514535,-1,1,0.0
2023-03-10,0.026341694156230083,1,-1,0.0
2023-03-13,-0.0028811671051432153,1,1,0.0
2023-03-14,0.010645072763326602,1,-1,0.0
2023-03-15,-0.003952561643725975,1,1,0.0
2023-03-16,0.026127822516268665,1,1,1.0
2023-03-17,0.004760658443617601,-1,-1,1.0
2023-03-20,-0.021036184516874452,-1,-1,1.0
2023-03-21,0.004530510589810312,1,-1,1.0
2023-03-22,0.023855366038062705,1,1,1.0
2023-03-23,-0.0058855136919060335,1,1,1.0
2023-03-24,-0.01509747886904467,1,1,1.0
2023-03-27,0.01019169021018235,1,1,1.0
2023-03-28,-0.0031992150318795637,1,1,1.0
2023-03-29,0.007196500323830882,1,1,1.0
2023-03-30,-0.005722573380642285,1,1,0.0
2023-03-31,0.007538817015696076,1,-1,1.0
2023-04-03,0.01912138685643545,1,1,0.0
2023-04-04,-0.0006430347062673179,1,-1,1.0
2023-04-05,-0.004463407474970126,1,1,1.0
2023-04-06,-0.011397298492928747,1,-1,1.0
2023-04-10,0.007862066660321815,1,1,0.0
2023-04-11,0.0030380656754726365,1,1,0.0
2023-04-12,0.015004488526765062,1,-1,0.0
2023-04-13,-0.01934033210150383,1,-1,1.0
2023-04-14,-0.004003608688523414,-1,1,0.0
2023-04-17,0.006597421632108531,-1,1,0.0
2023-04-18,-0.006096093088757149,-1,1,0.0
2023-04-19,0.006195695166983739,-1,1,0.0
2023-04-20,-0.014095679073772963,-1,-1,0.0
2023-04-21,0.004837975290905304,-1,1,0.0
2023-04-24,0.0024604086846930075,-1,-1,0.0
2023-04-25,-0.004171199318677286,-1,-1,0.0
2023-04-26,0.0021129262655032468,-1,-1,0.0
2023-04-27,0.00010047797590101929,-1,1,0.0
2023-04-28,-0.0033723203832883527,-1,-1,-1.0
2023-05-01,0.015459208663897123,-1,-1,0.0
2023-05-02,0.007074123181844181,-1,-1,0.0
2023-05-03,0.009517819252434986,-1,-1,1.0
2023-05-04,-0.015054141436917398,1,-1,0.0
2023-05-05,0.00440192824598679,1,1,0.0
2023-05-08,0.004873807724603167,1,-1,0.0
2023-05-09,-0.002803233566718523,1,-1,0.0
2023-05-10,-0.007811791440417504,1,-1,1.0
2023-05-11,-9.925105453308255e-05,-1,-1,0.0
2023-05-12,0.0017358962821522753,-1,1,0.0
2023-05-15,-0.014776614414791786,-1,1,0.0
2023-05-16,-0.003880014587498261,-1,1,-1.0
2023-05-17,-0.012293130260797066,-1,-1,0.0
2023-05-18,0.011282876071055622,-1,1,0.0
2023-05-19,-0.001972886611210169,-1,-1,-1.0
2023-05-22,-0.001216064382496189,-1,1,-1.0
2023-05-23,-0.004879037635297988,-1,1,-1.0
2023-05-24,-0.010087426800028618,-1,-1,-1.0
2023-05-25,0.0005145091760760677,-1,1,-1.0
2023-05-26,0.00712441162188995,-1,-1,-1.0
2023-05-30,0.0030087604621398334,-1,-1,-1.0
2023-05-31,0.007153928630061794,-1,1,-1.0
2023-06-01,-0.013026835665023308,-1,-1,-1.0
2023-06-02,0.0028641465728216076,-1,1,-1.0
2023-06-05,0.003823121771459306,-1,-1,0.0
2023-06-06,-0.011667932951336448,-1,-1,-1.0
2023-06-07,0.010700777840001093,-1,1,-1.0
2023-06-08,-0.0007132429056667042,-1,1,0.0
2023-06-09,-0.003522608540493114,-1,1,-1.0
2023-06-12,-0.005487371483662528,-1,1,-1.0
2023-06-13,0.005487371483662586,-1,1,-1.0
2023-06-14,0.0012777594632126471,-1,1,-1.0
2023-06-15,0.0003064070167053769,1,-1,0.0
2023-06-16,-0.011762134766634989,1,-1,0.0
2023-06-20,-0.0011372784228845022,-1,-1,-1.0
2023-06-21,-0.01071258172670636,-1,-1,-1.0
2023-06-22,0.0033404825344685927,-1,1,-1.0
2023-06-23,0.0023940761271535643,-1,1,-1.0
2023-06-26,-0.00505509651683476,-1,-1,-1.0
2023-06-27,-0.0008885614102553915,-1,-1,-1.0
2023-06-28,-0.0016224510460784893,-1,-1,-1.0
2023-06-29,0.0062136453694543944,-1,-1,-1.0
2023-06-30,0.00031225960354337316,-1,1,-1.0
2023-07-03,-0.001093367263780315,-1,-1,-1.0
2023-07-05,-0.0056944618118118595,-1,1,-1.0
2023-07-06,0.009126768323334932,-1,1,-1.0
2023-07-07,-0.0006231570554215221,1,1,0.0
2023-07-10,0.0032674088391857186,1,-1,-1.0
2023-07-11,0.012810414334619996,1,-1,-1.0
2023-07-12,0.0015324108197861239,1,1,0.0
2023-07-13,0.0004592781602337969,1,-1,0.0
2023-07-14,-0.003936082358076339,1,-1,1.0
2023-07-17,0.012622280219577665,1,-1,1.0
2023-07-18,0.0001517429045972916,1,1,1.0
2023-07-19,-0.004663169815610156,1,-1,1.0
2023-07-20,-0.002034278228194697,1,1,1.0
2023-07-21,-0.002038424953129538,1,1,1.0
2023-07-24,0.0009177681383584213,1,1,1.0
2023-07-25,0.003459707764402656,1,1,1.0
2023-07-26,-0.012007399562659367,1,-1,1.0
2023-07-27,0.007680922504028945,1,1,0.0
2023-07-28,0.005138771146053185,1,1,0.0
2023-07-31,-0.015238610077067491,1,-1,1.0
2023-08-01,-0.0017018269642495524,-1,1,0.0
2023-08-02,-0.0027911448212779625,-1,-1,0.0
2023-08-03,0.0039260178715701454,-1,1,-1.0
2023-08-04,-0.0031499215966816637,-1,1,0.0
2023-08-07,-0.00487351880894349,-1,1,-1.0
2023-08-08,-0.004531822404694047,-1,-1,-1.0
2023-08-09,-0.0005222204866973095,-1,1,-1.0
2023-08-10,-0.0007838424255554935,-1,-1,-1.0
2023-08-11,-0.0012031118637710577,-1,1,-1.0
2023-08-14,-0.0042485053218492995,-1,-1,-1.0
2023-08-15,-0.0033696785716192438,-1,-1,-1.0
2023-08-16,-0.00634889183821112,-1,-1,-1.0
2023-08-17,0.0010609517869105895,1,-1,-1.0
2023-08-18,0.0038101719353386674,1,1,-1.0
2023-08-21,0.0016360008536025392,-1,-1,-1.0
2023-08-22,0.011586265785144559,-1,-1,-1.0
2023-08-23,-0.0001564098483359136,-1,-1,-1.0
2023-08-24,-0.0037082411186101292,1,1,-1.0
2023-08-25,0.003551870450310385,1,1,-1.0
2023-08-28,0.009651369784435556,1,-1,0.0
2023-08-29,0.004019820260445598,1,1,0.0
2023-08-30,-0.003142358107314131,1,-1,0.0
2023-08-31,0.0008252180232353599,1,-1,0.0
2023-09-01,-0.007035775353867591,1,-1,0.0
2023-09-05,-0.004214024777917188,1,1,0.0
2023-09-06,-0.00031284575797763917,1,-1,0.0
2023-09-07,0.00046926375810114266,1,1,0.0
2023-09-08,0.0025509680494884674,1,1,0.0
2023-09-11,-0.006258821711373876,1,-1,0.0
2023-09-12,-0.0011517503252713073,1,1,0.0
2023-09-13,0.0004713280283196849,-1,-1,0.0
2023-09-14,0.00714714748905865,-1,1,0.0
2023-09-15,0.00404651357660179,1,-1,0.0
2023-09-18,0.00025883266612720474,1,-1,0.0
2023-09-19,0.007014664451038077,1,1,0.0
2023-09-20,-0.01366199313993277,1,-1,0.0
2023-09-21,0.003225343940292486,1,1,0.0
2023-09-22,-0.004580980852414335,1,1,0.0
2023-09-25,-0.008488367011878661,1,1,0.0
2023-09-26,-0.015270736211994486,-1,1,0.0
2023-09-27,-0.00600213547461397,-1,1,0.0
2023-09-28,-0.006633460391607326,-1,1,0.0
2023-09-29,-0.009842104245885759,1,1,-1.0
2023-10-02,-0.0029551953045940734,1,-1,-1.0
2023-10-03,-0.0033487861038288733,1,1,-1.0
2023-10-04,-0.0010453767983574398,1,-1,-1.0
2023-10-05,0.007458615173471331,1,-1,-1.0
2023-10-06,0.010490108470351069,1,-1,0.0
2023-10-09,0.006198645369741984,-1,-1,0.0
2023-10-10,0.0063206856067081355,-1,-1,-1.0
2023-10-11,-0.0018706079095983437,1,-1,0.0
2023-10-12,0.03060790174466398,1,-1,0.0
2023-10-13,-0.003274031158004355,1,-1,1.0
2023-10-16,0.0008324968566679965,1,1,0.0
2023-10-17,0.016813236521731816,1,1,0.0
2023-10-18,0.006677383090401854,1,-1,0.0
2023-10-19,0.007137632114181281,1,1,0.0
2023-10-20,-0.0031322401557761035,-1,-1,0.0
2023-10-23,-0.0006580360180047346,1,1,1.0
2023-10-24,0.004597000160347399,1,1,1.0
2023-10-25,0.001561189672270813,-1,-1,1.0
2023-10-26,0.0007042731011225338,-1,-1,1.0
2023-10-27,0.003814487522985484,-1,-1,1.0
2023-10-30,-0.0055257086747362814,-1,-1,1.0
2023-10-31,-0.0032290150880346837,1,1,1.0
2023-11-01,0.003430498125605901,1,-1,1.0
2023-11-02,0.0029670004669155115,1,1,1.0
2023-11-03,-0.004983536766928077,1,-1,1.0
2023-11-06,-0.007496705490809856,1,1,0.0
2023-11-07,-0.007809573743291399,-1,1,0.0
2023-11-08,0.006486705243964605,-1,-1,0.0
2023-11-09,-0.016218778932181384,-1,1,0.0
2023-11-10,0.006652779492155402,-1,1,0.0
2023-11-13,0.008343430595057662,-1,1,0.0
2023-11-14,-0.0008669641439556413,-1,-1,0.0
2023-11-15,0.01206913677911117,-1,1,0.0
2023-11-16,-0.001160029800050694,-1,1,0.0
2023-11-17,-0.0019700582161406464,-1,1,0.0
2023-11-20,0.010862615061766792,-1,-1,0.0
2023-11-21,-0.00395922248666503,-1,-1,0.0
2023-11-22,0.005408630384414501,1,-1,0.0
2023-11-24,0.004783316372955456,1,-1,0.0
2023-11-27,0.013772846290545529,1,-1,0.0
2023-11-28,0.003621431258757891,-1,-1,0.0
2023-11-29,-0.004406156206906349,-1,-1,0.0
2023-11-30,0.016013593082084946,1,-1,0.0
2023-12-01,-0.022906437155782847,-1,-1,0.0
2023-12-04,-0.002770483946805801,1,1,0.0
2023-12-05,0.005927406833356961,1,-1,1.0
2023-12-06,-0.00029552536040616107,1,1,1.0
2023-12-07,-0.01568969924387106,1,1,1.0
2023-12-08,-0.01021061033941788,-1,1,1.0
2023-12-11,-0.00010109265866683018,-1,-1,1.0
2023-12-12,0.0022726708042306704,-1,-1,1.0
2023-12-13,0.0238764749712153,-1,1,1.0
2023-12-14,-0.004492380744304254,-1,-1,1.0
2023-12-15,0.00256958841333575,-1,1,1.0
2023-12-18,0.005953704386447858,-1,1,1.0
2023-12-19,-0.0019151099131709602,-1,-1,1.0
2023-12-20,0.002258433605997511,-1,1,1.0
2023-12-21,0.008788749383462479,1,1,1.0
2023-12-22,0.0005345192470838028,1,-1,1.0
2023-12-26,0.011449100696166307,1,1,1.0
2023-12-27,-0.0038500458433421737,1,-1,1.0
2023-12-28,-0.0055605396969713086,1,1,1.0
2023-12-29,0.0009692741355228508,1,1,1.0
2024-01-02,-0.014736982781769346,1,1,1.0
2024-01-03,0.0039740504436172235,-1,1,1.0
2024-01-04,4.895124937695209e-05,-1,1,0.0
2024-01-05,-0.007766098913480351,-1,-1,0.0
2024-01-08,-9.86682319452515e-05,-1,1,1.0
2024-01-09,-0.0023221142671955622,-1,-1,1.0
2024-01-10,-0.0036669527431482853,-1,-1,0.0
2024-01-11,0.015956951403282443,-1,-1,0.0
2024-01-12,-0.010165310319773104,-1,-1,0.0
2024-01-16,-0.011617081726109126,-1,1,0.0
2024-01-17,0.007957865627687473,-1,-1,0.0
2024-01-18,0.0039059773581561485,-1,-1,0.0
2024-01-19,-0.003311646301174295,-1,-1,0.0
2024-01-22,0.0019289741822805175,-1,1,0.0
2024-01-23,-0.004854342213876016,-1,1,0.0
2024-01-24,0.0014885385122534204,-1,-1,-1.0
2024-01-25,-4.9570163444326434e-05,-1,-1,-1.0
2024-01-26,0.004156315901078261,-1,-1,0.0
2024-01-29,0.003105999442300761,-1,-1,0.0
2024-01-30,0.008284516486208303,-1,-1,0.0
2024-01-31,0.0022431851049437793,1,-1,0.0
2024-02-01,-0.008265936631712335,1,-1,0.0
2024-02-02,-0.005120905671782804,1,1,0.0
2024-02-05,0.004334792726306237,1,-1,0.0
2024-02-06,0.0003439817122514089,1,1,0.0
2024-02-07,-0.0014751441294395143,1,-1,0.0
2024-02-08,-0.004389060106493958,1,1,0.0
2024-02-09,-0.002523865081532603,-1,-1,0.0
2024-02-12,-0.012615124246704407,-1,-1,0.0
2024-02-13,-0.0013054709316034623,-1,-1,0.0
2024-02-14,0.005911211825203883,-1,-1,0.0
2024-02-15,0.004684094906416618,-1,-1,0.0
2024-02-16,0.007922794599725029,-1,-1,0.0
2024-02-20,-0.002568005317217988,-1,-1,0.0
2024-02-21,-0.0012865403339371805,-1,-1,0.0
2024-02-22,0.009314324420003009,-1,-1,0.0
2024-02-23,-0.004966682111913847,1,-1,0.0
2024-02-26,0.0027076939620032797,1,1,0.0
2024-02-27,-0.0004917629801586159,1,1,0.0
2024-02-28,0.006227470697706523,1,-1,0.0
2024-02-29,0.019939659139843434,1,-1,0.0
2024-03-01,0.014650906546489963,1,-1,0.0
2024-03-04,0.007433252615668022,-1,-1,0.0
2024-03-05,0.00784356635087546,-1,-1,0.0
2024-03-06,0.0035744768391498196,-1,-1,0.0
2024-03-07,0.009500646655496024,-1,-1,0.0
2024-03-08,0.001788495240181465,-1,-1,0.0
2024-03-11,-0.010177664197878154,-1,-1,0.0
2024-03-12,0.006919166252700285,-1,-1,0.0
2024-03-13,-0.0057163638155206895,-1,1,0.0
2024-03-14,-0.0026386845425951824,1,-1,0.0
2024-03-15,0.0015747582428707817,1,-1,0.0
2024-03-18,-0.0020384080923120792,1,-1,0.0
2024-03-19,0.0007416687251718953,1,-1,0.0
2024-03-20,0.01128966261576579,1,-1,0.0
2024-03-21,-0.011196893703511956,-1,-1,0.0
2024-03-22,0.00770847852509448,-1,-1,0.0
2024-03-25,0.0003678047123048936,-1,1,1.0
2024-03-26,0.006870990033479146,-1,1,1.0
2024-03-27,0.012159770828042574,-1,1,1.0
2024-03-28,0.008576849575533693,-1,1,1.0
2024-04-01,0.010895049405066982,-1,-1,1.0
2024-04-02,0.014664135564459967,-1,1,1.0
2024-04-03,-0.002443644773025144,-1,1,1.0
2024-04-04,0.015993363911782323,-1,1,1.0
2024-04-05,0.002576546332762105,-1,1,1.0
2024-04-08,0.005047944048811655,-1,1,1.0
2024-04-09,-0.005948917440644637,-1,1,1.0
2024-04-10,0.010759197967561912,-1,-1,1.0
2024-04-11,0.0005943121990892287,-1,1,1.0
2024-04-12,0.00406612066202905,-1,-1,1.0
2024-04-15,0.010511806622644015,-1,-1,1.0
2024-04-16,-0.00802108139040866,-1,1,1.0
2024-04-17,0.004459451082454631,-1,1,1.0
2024-04-18,0.006735379565596977,-1,-1,1.0
2024-04-19,-0.02798980048135961,-1,1,1.0
2024-04-22,-0.001931372558694458,-1,1,1.0
2024-04-23,-0.0013756724603899396,-1,1,1.0
2024-04-24,0.0022774857931127522,-1,1,1.0
2024-04-25,0.0021438073190774686,-1,1,1.0
2024-04-26,0.004529666146779777,-1,1,1.0
2024-04-29,-0.02329297954868033,-1,1,1.0
2024-04-30,0.0037026594091494527,-1,1,1.0
2024-05-01,-0.0003043861623244103,-1,1,1.0
2024-05-02,-8.696932457233537e-05,-1,1,1.0
2024-05-03,0.00978239943094232,-1,1,1.0
2024-05-06,-0.002760589407145369,-1,-1,1.0
2024-05-07,-0.0006912606128823438,-1,-1,1.0
2024-05-08,0.007964395898361993,-1,1,0.0
2024-05-09,0.01498089474872309,-1,1,0.0
2024-05-10,-0.013267171767020015,-1,-1,0.0
2024-05-13,0.007378135479851928,-1,1,0.0
2024-05-14,0.014888214910604233,-1,1,0.0
2024-05-15,-0.0036487767790969396,1,1,0.0
2024-05-16,0.013438686241467436,1,1,0.0
2024-05-17,0.008955695038778591,1,-1,0.0
2024-05-20,-0.005025116242057949,1,-1,1.0
2024-05-21,-0.01351119128257647,1,-1,0.0
2024-05-22,-0.02294667031813439,1,-1,0.0
2024-05-23,-0.0010712373814988035,-1,1,0.0
2024-05-24,0.0096849750810076,-1,-1,0.0
2024-05-28,-0.0063464816760843545,-1,1,0.0
2024-05-29,0.001110289464388048,-1,1,0.0
2024-05-30,-0.00857307357068379,-1,1,0.0
2024-05-31,0.010151150585457774,-1,1,0.0
2024-06-03,-0.009032443941432378,-1,1,0.0
2024-06-04,0.012223460620860391,-1,-1,0.0
2024-06-05,0.00685801971176186,-1,1,0.0
2024-06-06,-0.027849130615993235,-1,1,0.0
2024-06-07,0.0010839169709689002,-1,1,0.0
2024-06-10,-8.664897474244984e-05,-1,1,0.0
2024-06-11,0.012275377571110555,-1,1,0.0
2024-06-12,-0.015444010517410593,-1,1,0.0
2024-06-13,0.013472849167638714,-1,1,0.0
2024-06-14,-0.008182999621581656,-1,1,0.0
2024-06-17,0.007753980763100305,-1,1,0.0
2024-06-18,0.009991179448078678,-1,1,0.0
2024-06-20,-0.016016849994939065,-1,1,0.0
2024-06-21,0.005854053366742159,-1,1,0.0
2024-06-24,-0.0057676319065113404,-1,1,0.0
2024-06-25,-0.0075394205654809275,-1,1,0.0
2024-06-26,0.010943747042885628,-1,-1,0.0
2024-06-27,0.0013756724603899051,-1,-1,0.0
2024-06-28,-4.2898852745440194e-05,-1,1,0.0
2024-07-01,-0.0019782819678747557,1,1,0.0
2024-07-02,0.01571743658704651,1,1,0.0
2024-07-03,0.012088663472560882,1,-1,0.0
2024-07-05,-0.01403992502750996,1,-1,1.0
2024-07-08,0.002078403578812869,1,-1,1.0
2024-07-09,0.00511374163037859,1,-1,1.0
2024-07-10,0.017881513074975274,1,-1,1.0
2024-07-11,-0.0004141644291962591,1,-1,1.0
2024-07-12,0.0036800068503831792,1,-1,1.0
2024-07-15,0.016171314917783012,1,-1,1.0
2024-07-16,-0.00309113301982428,1,-1,1.0
2024-07-17,-0.0012228428297097356,1,-1,1.0
2024-07-18,-0.02323049125293214,1,-1,1.0
2024-07-19,-0.0014621412526544951,1,-1,1.0
2024-07-22,0.005253774082549602,1,-1,1.0
2024-07-23,0.0036115155414233003,1,-1,1.0
2024-07-24,-0.025771655108934748,1,-1,1.0
2024-07-25,0.011877017079959726,-1,1,1.0
2024-07-26,-0.0011350772219737724,-1,-1,0.0
2024-07-29,0.011584493096314897,-1,-1,0.0
2024-07-30,0.008899986305409351,-1,-1,0.0
2024-07-31,0.0034968666714193194,-1,1,0.0
2024-08-01,-0.0038266341350136172,-1,-1,0.0
2024-08-02,-0.00994332279261066,1,-1,0.0
2024-08-05,-0.005260032745343863,-1,-1,0.0
2024-08-06,0.0005857822224360302,-1,-1,0.0
2024-08-07,0.013173648862206806,-1,-1,0.0
2024-08-08,0.0040789238864625725,-1,-1,0.0
2024-08-09,0.012381322610815695,-1,-1,0.0
2024-08-12,0.0017447607257966857,1,-1,0.0
2024-08-13,-0.011129137775200023,1,-1,0.0
2024-08-14,0.005600503269123787,1,1,0.0
2024-08-15,0.01837804343675201,1,1,0.0
2024-08-16,0.0012798782157230325,1,-1,0.0
2024-08-19,0.0037900744796478744,1,-1,0.0
2024-08-20,-0.0011555060403106994,1,-1,0.0
2024-08-21,-0.011830186756921601,1,1,0.0
2024-08-22,0.011830186756921704,1,-1,0.0
2024-08-23,0.003700706198852698,1,1,1.0
2024-08-26,-0.0006754281156969496,1,1,0.0
2024-08-27,-0.005979686942712076,1,-1,0.0
2024-08-28,0.009827580801596993,1,-1,1.0
2024-08-29,-0.012710561536922458,1,1,1.0
2024-08-30,-0.0015651613535240963,1,-1,0.0
2024-09-03,0.0014046919562063706,-1,-1,1.0
2024-09-04,0.0071931259247034075,-1,-1,0.0
2024-09-05,-0.007152981683501989,-1,1,0.0
2024-09-06,0.0033231463116611603,-1,-1,0.0
2024-09-09,0.004188195346663044,-1,1,1.0
2024-09-10,-7.959205722123827e-05,-1,1,1.0
2024-09-11,0.015444721969289848,-1,1,1.0
2024-09-12,0.011729349341314652,-1,1,1.0
2024-09-13,-0.0003487790851909712,1,1,1.0
2024-09-16,-0.00625883189495714,1,1,1.0
2024-09-17,0.00249266043134922,1,1,1.0
2024-09-18,0.006707160271705417,1,-1,1.0
2024-09-19,0.01225073519220459,1,1,1.0
2024-09-20,0.002516049581020544,-1,-1,1.0
2024-09-23,0.009360187860914403,-1,-1,1.0
2024-09-24,0.003012958044237874,-1,1,1.0
2024-09-25,0.004015674633472966,-1,1,1.0
2024-09-26,-0.00963458348443632,-1,1,1.0
2024-09-27,-0.0031058092325682647,1,-1,1.0
2024-09-30,0.01176615388576509,1,-1,1.0
2024-10-01,-0.007602005078805537,-1,1,1.0
2024-10-02,0.003770601213994833,1,-1,1.0
2024-10-03,-0.004261843753354774,1,-1,1.0
2024-10-04,-0.00037802895454220627,-1,1,1.0
2024-10-07,-0.011331369029670978,-1,-1,1.0
2024-10-08,-0.0034476188142327953,-1,1,1.0
2024-10-09,0.0055868577505378105,-1,1,1.0
2024-10-10,0.014020160169731887,-1,1,1.0
2024-10-11,-0.0036943716604866234,-1,1,0.0
2024-10-14,0.0051231384715043505,-1,1,0.0
2024-10-15,0.004723215245810717,-1,-1,0.0
2024-10-16,0.006337393065017404,-1,1,1.0
2024-10-17,0.00840012761358353,-1,-1,1.0
2024-10-18,0.0034579737223619676,-1,-1,1.0
2024-10-21,0.007718602631013913,-1,1,1.0
2024-10-22,-0.01091867720094922,-1,1,1.0
2024-10-23,0.007523937915991553,1,1,1.0
2024-10-24,0.002191461563702766,1,-1,1.0
2024-10-25,0.00072942126259476,1,1,1.0
2024-10-28,0.009253781457162933,1,1,1.0
2024-10-29,0.007234316137240295,-1,-1,1.0
2024-10-30,-0.01816650912342701,-1,-1,1.0
2024-10-31,0.0001095688511384859,1,-1,0.0
2024-11-01,-0.0009132920834320161,-1,-1,0.0
2024-11-04,0.0015338367843668287,-1,-1,0.0
2024-11-05,-0.02688819289182318,-1,1,0.0
2024-11-06,0.011479740190580862,-1,1,0.0
2024-11-07,-0.004047575121093911,-1,1,0.0
2024-11-08,-0.0288015263656269,-1,1,0.0
2024-11-11,-0.00429842206071789,-1,1,0.0
2024-11-12,-0.00741199771886598,-1,1,1.0
2024-11-13,-0.004894201906120731,-1,1,1.0
2024-11-14,-0.0009739185590534587,-1,1,0.0
2024-11-15,0.017348790536743833,-1,1,0.0
2024-11-18,0.006300496006653572,-1,-1,1.0
2024-11-19,0.007999532098494133,-1,1,1.0
2024-11-20,0.008984571185138249,-1,-1,1.0
2024-11-21,0.014046981134497769,-1,1,-1.0
2024-11-22,-0.03495948190340738,1,-1,0.0
2024-11-25,0.001336617767776714,-1,-1,0.0
2024-11-26,0.007452166991228204,-1,-1,0.0
2024-11-27,0.006456666117155565,-1,-1,0.0
2024-11-29,-0.008352473231234763,1,-1,0.0
2024-12-02,0.003712425318383127,1,-1,0.0
2024-12-03,0.003434974654697664,1,1,-1.0
2024-12-04,-0.010302322170881693,1,1,-1.0
2024-12-05,0.004558239129528256,1,1,-1.0
2024-12-06,0.00991798633808684,1,1,-1.0
2024-12-09,0.012196028210303023,1,1,-1.0
2024-12-10,0.013330075570755336,1,1,0.0
2024-12-11,-0.017081207143532985,1,1,1.0
2024-12-12,-0.011790161839593786,1,1,0.0
2024-12-13,-0.0017334660635325901,1,1,0.0
2024-12-16,-0.00264360600282425,1,1,0.0
2024-12-17,-0.0029918795594432402,1,1,0.0
2024-12-18,-0.01694536281780769,-1,1,0.0
2024-12-19,0.01398249166131256,-1,1,-1.0
2024-12-20,-0.006258330803749558,-1,1,-1.0
2024-12-23,0.00294323974486273,-1,1,-1.0
2024-12-24,0.007149969097485895,-1,1,-1.0
2024-12-26,-0.008219261513672152,-1,1,-1.0
2024-12-27,-0.004250136932791706,-1,1,-1.0
2024-12-30,0.008824710411780469,-1,1,-1.0
2024-12-31,0.011232867866452192,-1,1,0.0
2025-01-02,-0.005241401391997348,1,-1,0.0
2025-01-03,-0.0024984295005021796,1,1,0.0
2025-01-06,0.006912096917743294,1,1,0.0
2025-01-07,0.0029316900271960217,1,-1,0.0
2025-01-08,0.007217296123672955,1,-1,1.0
2025-01-09,0.009161257237443541,1,-1,1.0
2025-01-10,-0.013006500709167285,1,-1,1.0
2025-01-13,0.001495047933117684,1,-1,1.0
2025-01-14,0.012987195526811112,1,1,1.0
2025-01-15,0.012420208736854522,1,-1,1.0
2025-01-16,-0.000764876477197021,1,-1,1.0
2025-01-17,0.003891391478642485,1,-1,1.0
2025-01-21,0.004563111323176753,1,-1,1.0
2025-01-22,-0.0016272807543716752,1,-1,0.0
2025-01-23,0.005125977145751084,1,-1,0.0
2025-01-24,-0.014434155176814617,1,1,1.0
2025-01-27,0.010646340249542608,1,-1,0.0
2025-01-28,0.000830957531606674,1,1,0.0
2025-01-29,0.019277756347583747,1,-1,0.0
2025-01-30,-0.0037263817408137866,1,1,0.0
2025-01-31,0.007580052840268373,1,-1,0.0
2025-02-03,0.006822415916365941,1,-1,0.0
2025-02-04,0.006393163440626415,-1,-1,0.0
2025-02-05,-0.005447355250461389,-1,-1,1.0
2025-02-06,0.00394879297438717,1,-1,1.0
2025-02-07,0.016258833046568513,-1,-1,1.0
2025-02-10,-0.0006178516064746903,-1,-1,1.0
2025-02-11,-0.0012024393787544148,-1,-1,1.0
2025-02-12,0.005792712774394366,-1,-1,1.0
2025-02-13,-0.014562544873085503,-1,-1,1.0
2025-02-14,0.01650883496677148,1,-1,1.0
2025-02-18,-0.004170300117599673,1,-1,1.0
2025-02-19,0.0070314990870447855,1,-1,1.0
2025-02-20,-0.0008166266630073181,1,-1,1.0
2025-02-21,0.003500064634192458,1,-1,1.0
2025-02-24,-0.01483176087132524,1,-1,1.0
2025-02-25,0.0042258832321174136,-1,1,1.0
2025-02-26,-0.011586370186078948,-1,-1,1.0
2025-02-27,-0.016224097946286358,-1,-1,1.0
2025-02-28,0.01864901343751476,-1,-1,1.0
2025-03-03,0.00668996126638687,-1,-1,1.0
2025-03-04,0.001957098953760298,-1,-1,1.0
2025-03-05,0.0004458405723709752,-1,-1,1.0
2025-03-06,-0.004088489842890409,-1,-1,1.0
2025-03-07,-0.004727634903135915,-1,1,1.0
2025-03-10,0.007546651957820141,-1,-1,0.0
2025-03-11,0.008954330271122598,-1,-1,0.0
2025-03-12,0.015261784579635519,-1,-1,0.0
2025-03-13,0.003412042879592822,-1,1,1.0
2025-03-14,0.0018350159457296321,1,1,1.0
2025-03-17,0.011632116405335577,1,1,0.0
2025-03-18,0.00026348367390129166,-1,-1,0.0
2025-03-19,0.001349626670783865,-1,1,1.0
2025-03-20,-0.007196904393713174,-1,-1,1.0
2025-03-21,-0.0016911295043418105,1,-1,1.0
2025-03-24,0.0035117493782604987,1,1,1.0
2025-03-25,-0.0009264629905246514,1,1,1.0
2025-03-26,0.012925489441903849,1,1,0.0
2025-03-27,0.008557505502098309,-1,-1,0.0
2025-03-28,0.01169228804819296,-1,-1,0.0
2025-03-31,-0.0012497066576345498,-1,-1,1.0
2025-04-01,0.006710576935193882,-1,1,1.0
2025-04-02,-0.013757020186500003,-1,-1,0.0
2025-04-03,-0.02782959105341858,1,1,0.0
2025-04-04,-0.02035854214521939,-1,1,0.0
2025-04-07,0.0057772864227977104,-1,-1,1.0
2025-04-08,0.02924741627141751,-1,1,1.0
2025-04-09,0.03178139946409088,-1,-1,1.0
2025-04-10,0.0210124709703548,-1,-1,1.0
2025-04-11,-0.00541463975573675,1,-1,1.0
2025-04-14,0.004327834993182707,1,-1,1.0
2025-04-15,0.03297325457193712,1,1,1.0
2025-04-16,-0.005395442489893157,-1,-1,1.0
2025-04-17,0.029041937846947277,-1,1,1.0
2025-04-21,-0.0015865736672474797,-1,-1,1.0
2025-04-22,-0.03729596062718759,-1,-1,1.0
2025-04-23,0.016857972511505684,1,1,1.0
2025-04-24,-0.01499789191023496,1,-1,1.0
2025-04-25,0.015147940676365497,1,1,1.0
2025-04-28,-0.004119486550149282,1,-1,1.0
2025-04-29,-0.004166813216927875,1,1,1.0
2025-04-30,-0.02916553616172506,-1,1,1.0
2025-05-01,0.006799232227835648,-1,1,1.0
2025-05-02,0.024270706904035648,-1,1,1.0
2025-05-05,0.029781859324395553,-1,1,1.0
2025-05-06,-0.008832939557882192,-1,1,1.0
2025-05-07,-0.025398132101867026,-1,1,1.0
2025-05-08,0.011700918988177024,-1,1,1.0
2025-05-09,-0.03521122337030222,-1,1,1.0
2025-05-12,0.006284573623097743,-1,1,1.0
2025-05-13,-0.018344612393290653,-1,1,1.0
2025-05-14,0.012277391287757004,-1,1,1.0
2025-05-15,-0.012088782158285714,-1,1,1.0
2025-05-16,0.014631561796196542,-1,1,-1.0
2025-05-19,0.015793404801633753,-1,1,-1.0
2025-05-20,0.008801804902702907,-1,1,1.0
2025-05-21,-0.005150277910234424,-1,1,-1.0
2025-05-22,0.021425434503964738,-1,1,0.0
2025-05-23,-0.019362124406121534,-1,1,0.0
2025-05-27,-0.0016685124798728683,-1,1,0.0
2025-05-28,0.007109715550713264,-1,1,0.0
2025-05-29,-0.008537804000789136,-1,-1,0.0
2025-05-30,0.02453766635895122,-1,1,0.0
2025-06-02,-0.006070768059979941,1,-1,-1.0
2025-06-03,0.006930750112583484,1,1,0.0
2025-06-04,-0.006781516425104247,1,-1,1.0
2025-06-05,-0.008391573926159246,1,1,1.0
2025-06-06,0.0028250744326858415,1,1,1.0
2025-06-09,-0.003366964044300687,-1,1,1.0
2025-06-10,0.000120486130438958,-1,1,1.0
2025-06-11,0.01778563010253441,-1,-1,0.0
2025-06-12,0.014768122634469274,-1,-1,0.0
2025-06-13,-0.010194021599707037,1,1,0.0
2025-06-16,-0.0028895213050230267,1,1,1.0
2025-06-17,0.0009444399210661637,1,1,0.0
2025-06-18,-0.0064221208610746846,1,1,0.0
2025-06-20,0.0028461738938607515,1,-1,1.0
2025-06-23,-0.018013675886811464,-1,-1,1.0
2025-06-24,0.0029197688926843124,-1,-1,1.0
2025-06-25,0.0019217200310753606,-1,-1,0.0
2025-06-26,-0.018101974273062114,-1,1,1.0
2025-06-27,0.006303198845365553,-1,1,0.0
2025-06-30,0.012758252337171075,-1,1,0.0
2025-07-01,0.003380872641776682,-1,1,1.0
2025-07-02,-0.004910454236063616,-1,1,1.0
2025-07-03,0.0002700746795615175,-1,-1,0.0
2025-07-04,-9.004121131513318e-05,-1,1,1.0
2025-07-07,-0.007591297859755788,-1,1,1.0
2025-07-08,0.0013900517720019155,-1,1,1.0
2025-07-09,0.0017498283805606845,-1,1,1.0
2025-07-10,0.011568474452741711,-1,1,1.0
2025-07-11,-0.0013417817890844313,-1,-1,1.0
2025-07-14,-0.006495750023279325,-1,-1,1.0
2025-07-15,0.006794079381100563,-1,1,1.0
2025-07-16,-0.0037055602760010316,1,-1,1.0
2025-07-17,0.003854691586396078,1,1,1.0
2025-07-18,0.01447860287732854,1,1,1.0
2025-07-21,0.010904801640990577,1,-1,1.0
2025-07-22,-0.013200213092493647,1,-1,1.0
2025-07-23,-0.006829222657993172,1,-1,1.0
2025-07-24,-0.011036651923321424,1,1,1.0
2025-07-25,-0.0074965057238816635,1,-1,1.0
2025-07-28,0.0043120472958143976,-1,1,0.0
2025-07-29,-0.008339380490785232,-1,1,0.0
2025-07-30,-0.0007892237945701002,-1,1,0.0
2025-07-31,0.01641380667687466,-1,1,0.0
2025-08-01,0.007943973509988255,-1,-1,0.0
2025-08-04,0.0022201510582657955,-1,-1,-1.0
2025-08-05,-0.0005619433653809127,1,-1,0.0
2025-08-06,0.005987967888747476,1,-1,-1.0
2025-08-07,0.01134616025997749,1,-1,1.0
2025-08-08,-0.025324517441945554,1,-1,0.0
2025-08-11,-0.0012534156557426127,1,1,0.0
2025-08-12,0.002922075262479989,1,-1,1.0
2025-08-13,-0.007021346864233285,1,-1,-1.0
2025-08-14,0.0002398515522892742,-1,-1,0.0
2025-08-15,-0.0012898149154139478,-1,-1,0.0
2025-08-18,-0.005507846531911064,-1,1,0.0
2025-08-19,0.009013401028552843,-1,1,0.0
2025-08-20,-0.0019460210593331287,-1,-1,0.0
2025-08-21,0.011175298783647576,-1,-1,0.0
2025-08-22,-0.00017778178523024962,-1,-1,-1.0
2025-08-25,0.004377165544111227,1,-1,0.0
2025-08-26,0.0047106015210283785,1,1,1.0
2025-08-27,0.007957432015570034,1,1,1.0
2025-08-28,0.012135375150160638,1,-1,1.0
2025-08-29,0.02155825335719171,1,-1,1.0
2025-09-02,0.012264609179004047,-1,-1,1.0
2025-09-03,-0.007654710471889562,-1,-1,1.0
2025-09-04,0.013205346467745164,-1,-1,1.0
2025-09-05,0.00686780141163577,-1,-1,0.0
2025-09-08,0.0014282835584511465,-1,-1,0.0
2025-09-09,8.235294082891736e-05,-1,-1,1.0
2025-09-10,-0.001840587103648067,-1,-1,1.0
2025-09-11,0.0034311001737597525,-1,-1,0.0
2025-09-12,0.008947642619622902,-1,-1,0.0
2025-09-15,0.0018178977764950366,-1,-1,1.0
2025-09-16,-0.0019265078645296421,-1,-1,1.0
2025-09-17,-0.01040214079746196,-1,-1,1.0
2025-09-18,0.007600662414640123,1,-1,1.0
2025-09-19,0.018672448725779663,-1,-1,1.0
2025-09-22,0.010610006389506373,-1,-1,0.0
2025-09-23,-0.01291164894810577,-1,-1,0.0
2025-09-24,0.001285260502940439,1,-1,0.0
2025-09-25,0.010223498096000606,1,1,0.0
2025-09-26,0.012006108728818521,-1,-1,0.0
2025-09-29,0.005194719543134664,-1,-1,0.0
2025-09-30,0.006927612517481628,-1,-1,0.0
2025-10-01,-0.0072140776340165556,-1,1,1.0
2025-10-02,0.010647104699776156,-1,-1,1.0
2025-10-03,0.017294429424654912,-1,-1,1.0
2025-10-06,0.007091447444070091,-1,-1,1.0
2025-10-07,0.016633994907520277,-1,-1,1.0
2025-10-08,-0.024282758867578195,-1,-1,1.0
2025-10-09,0.007472669571045818,1,-1,1.0
2025-10-10,0.03283124863445809,-1,-1,1.0
2025-10-13,0.007299414410765657,-1,-1,1.0
2025-10-14,0.009187545165353398,-1,-1,1.0
2025-10-15,0.02443046188439831,-1,-1,1.0
2025-10-16,-0.02132293911227755,-1,-1,1.0
2025-10-17,0.03436764429162454,-1,1,1.0
2025-10-20,-0.059062035540049886,-1,1,1.0
2025-10-21,-0.01064926865576389,1,-1,1.0
2025-10-22,0.019854040473195667,-1,-1,1.0
2025-10-23,-0.0017225098547725875,-1,1,1.0
2025-10-24,-0.028695490766858036,-1,1,1.0
2025-10-27,-0.008960778782097539,-1,1,1.0
2025-10-28,0.004402578266743398,-1,1,1.0
2025-10-29,0.004408297096619672,-1,1,1.0
2025-10-30,-0.0047849023856938715,-1,1,1.0
2025-10-31,0.0045349523774452045,-1,1,1.0
2025-11-03,-0.013236252040332198,-1,1,1.0
2025-11-04,0.008224087134207535,-1,1,1.0
2025-11-05,-0.0001005367923334668,-1,1,1.0
2025-11-06,0.004887656635851291,-1,1,1.0
2025-11-07,0.027716515886168476,-1,1,1.0
2025-11-10,-0.0012167524528548244,-1,1,1.0
2025-11-11,0.02348748385555354,-1,1,1.0
2025-11-12,-0.004170992761122764,1,-1,1.0
2025-11-13,-0.024002555332014903,1,1,1.0
2025-11-14,-0.0047327908648018505,1,1,1.0
2025-11-17,-0.0017221023533426794,-1,1,1.0
2025-11-18,0.004029960569867122,-1,-1,0.0
2025-11-19,-0.0052125591455094164,-1,1,0.0
2025-11-20,0.004967292782076356,-1,1,0.0
2025-11-21,0.0037215603622990662,-1,-1,0.0
2025-11-24,0.01149319363831883,-1,-1,-1.0
2025-11-25,0.006261760929431564,-1,-1,1.0
2025-11-26,0.012667816416397979,1,-1,1.0
2025-11-28,0.004965958221290471,1,-1,1.0
2025-12-01,-0.01250914319860585,1,-1,1.0
2025-12-02,0.0030288262173034956,1,-1,1.0
2025-12-03,0.0029722651693542806,1,1,1.0
2025-12-04,0.00026116008896670296,1,-1,1.0
2025-12-05,-0.006118924040939417,1,-1,1.0
2025-12-08,0.0046462393338665645,1,-1,1.0
2025-12-09,-0.002451547168984526,1,-1,1.0
2025-12-10,0.021010239753042382,-1,-1,0.0
2025-12-11,0.003401069596484952,1,-1,0.0
2025-12-12,0.001533693992035725,1,-1,0.0
2025-12-15,-0.0005110078294488002,1,-1,1.0
2025-12-16,0.009939980130428714,1,-1,1.0
2025-12-17,-0.0018418331441386099,-1,-1,0.0
2025-12-18,0.005033950243312225,1,-1,0.0
2025-12-19,0.018896813791643464,-1,-1,1.0
2025-12-22,0.008557909489307347,-1,-1,1.0
2025-12-23,-0.0004908198003828014,-1,1,1.0
2025-12-24,0.010766277995574931,-1,1,1.0
2025-12-26,-0.04608798173882948,-1,1,1.0
2025-12-29,0.010350630404542907,1,1,0.0
2025-12-30,-0.010235032825325435,-1,1,0.0
2025-12-31,-0.0025926392560806856,-1,1,0.0
2026-01-02,0.027997669976117596,-1,1,0.0
2026-01-05,0.010158128512449065,-1,-1,1.0
2026-01-06,-0.007367304357957669,-1,1,1.0
2026-01-07,8.998553214307117e-05,-1,1,1.0
2026-01-08,0.009082749101682023,-1,1,1.0
2026-01-09,0.025071135876622564,-1,1,0.0
2026-01-12,-0.003284847544970745,1,-1,0.0
2026-01-13,0.008051610829708839,1,-1,0.0
2026-01-14,-0.002163894212595402,1,1,0.0
2026-01-15,-0.0060621179774391735,1,1,0.0
2026-01-16,0.036632293474919336,1,1,1.0
2026-01-20,0.015055377008505682,-1,-1,0.0
2026-01-21,0.015810444337397162,-1,-1,0.0
2026-01-22,0.013637113842028292,-1,-1,0.0
2026-01-23,0.02058565637353524,-1,-1,0.0
2026-01-26,3.931395514705028e-05,-1,-1,1.0
2026-01-27,0.04271712307880896,-1,-1,0.0
2026-01-28,0.0031638076649501356,-1,1,0.0
2026-01-29,-0.1206569177115754,-1,-1,0.0
2026-01-30,-0.0195798858862585,1,-1,1.0
2026-02-02,0.05905437776175919,-1,-1,1.0
2026-02-03,0.0033997461243729043,-1,-1,1.0
2026-02-04,-0.012063365980342067,-1,-1,1.0
2026-02-05,0.018303568705588632,-1,-1,1.0
2026-02-06,0.01993641500519393,-1,-1,1.0
2026-02-09,-0.009368841148208894,-1,-1,1.0
2026-02-10,0.013458784179660236,-1,-1,1.0
2026-02-11,-0.02959604886955879,-1,-1,1.0
2026-02-12,0.01976794067778529,-1,1,1.0
2026-02-13,-0.028088975078812035,-1,-1,0.0
2026-02-17,0.020994975203204404,-1,-1,0.0
2026-02-18,-0.0021280217137131566,-1,-1,0.0
2026-02-19,0.016621856057854087,-1,1,0.0
2026-02-20,0.028334005840505903,-1,1,0.0
2026-02-23,-0.009439844361431814,-1,-1,0.0
2026-02-24,0.009766362602618253,1,1,0.0
2026-02-25,-0.0057594670615880765,1,1,1.0
2026-02-26,0.010377723577647786,1,-1,1.0
2026-02-27,0.012142763938335153,1,-1,1.0
2026-03-02,-0.0359591903930027,1,1,1.0
2026-03-03,0.0025030895869677847,1,1,1.0
2026-03-04,-0.01078021153640931,-1,-1,1.0
2026-03-05,0.015825837818907902,-1,1,1.0
2026-03-06,-0.010666682586894306,-1,-1,0.0
2026-03-09,0.02678146977213648,-1,1,0.0
2026-03-10,-0.01198431063117268,-1,-1,1.0
2026-03-11,-0.010035890037833716,-1,1,1.0
2026-03-12,-0.012450581437074204,-1,1,1.0
2026-03-13,-0.011645978438057513,-1,1,1.0
2026-03-16,0.0014007005791852262,-1,1,1.0
2026-03-17,-0.022466059027850406,-1,1,1.0
2026-03-18,-0.0609633251253208,-1,1,0.0
2026-03-19,-0.006607801222592188,-1,1,1.0
2026-03-20,-0.037064759654085296,-1,1,1.0
2026-03-23,-0.001090554444362892,1,1,0.0
2026-03-24,0.03363784006254085,1,1,0.0
2026-03-25,-0.03906243403134702,-1,1,0.0
